"Customer_no","Married","Household_size","Income","Age","Zip_code","Work","Education","Target_Segment"
1,0,3,35,40,21236,2,1,"3"
2,0,4,35,61,21286,7,1,"3"
3,1,1,35,52,20815,11,1,"3"
4,1,2,35,66,21030,9,1,"3"
5,1,1,35,58,20158,2,2,"3"
6,0,2,35,36,21227,5,1,"3"
7,1,1,35,54,8085,7,1,"3"
8,1,3,60,66,22003,4,1,"3"
9,1,1,35,61,20186,1,2,"3"
10,1,4,35,49,20171,7,1,"3"
11,1,2,40,64,21701,4,3,"3"
12,0,2,80,37,20132,2,1,"3"
13,0,4,35,46,21228,7,3,"3"
14,1,1,35,78,22401,10,3,"3"
15,0,2,35,44,7728,5,3,"3"
16,1,4,150,53,22554,2,2,"2"
17,0,2,80,49,21207,8,3,"3"
18,0,2,105,77,8055,2,3,"1"
19,1,3,65,44,21228,5,3,"3"
20,0,5,130,48,21401,9,3,"2"
21,1,2,120,51,20910,10,1,"2"
22,1,1,115,77,22039,4,2,"1"
23,0,1,35,50,22302,6,1,"3"
24,1,3,100,47,22911,9,2,"1"
25,1,1,35,82,20008,4,3,"3"
26,0,1,35,68,8757,7,3,"3"
27,1,1,35,57,22901,8,3,"3"
28,1,3,150,49,21204,10,2,"2"
29,0,5,90,54,19446,8,1,"1"
30,1,2,175,70,22308,6,3,"2"
31,1,1,80,44,8043,7,3,"3"
32,0,1,55,45,8360,4,3,"3"
33,1,1,175,48,22205,5,3,"2"
34,1,1,65,70,20180,8,2,"3"
35,1,4,70,43,8108,2,2,"3"
36,1,3,35,40,23233,9,3,"3"
37,0,3,35,63,21012,7,1,"3"
38,0,3,35,57,21701,6,1,"3"
39,1,1,35,63,20016,9,2,"3"
40,1,4,175,58,22101,10,1,"2"
41,1,4,175,83,22015,5,3,"2"
42,0,2,90,56,8742,9,2,"1"
43,0,2,35,61,21702,8,2,"3"
44,1,5,35,63,8361,10,1,"3"
45,0,1,35,41,8037,2,1,"3"
46,0,1,80,46,21093,8,3,"3"
47,1,3,60,55,24060,4,2,"3"
48,0,1,35,42,8318,10,2,"3"
49,1,5,35,34,20111,3,1,"3"
50,0,5,35,79,22101,11,1,"3"
51,1,4,175,69,8028,9,3,"2"
52,1,3,135,65,23185,8,3,"2"
53,1,2,35,65,19010,4,1,"3"
54,1,1,35,42,20008,8,2,"3"
55,0,7,175,68,20850,4,2,"2"
56,0,1,35,84,8701,5,1,"3"
57,1,1,35,80,21090,8,2,"3"
58,1,6,35,48,19006,9,3,"3"
59,0,5,35,63,8077,3,1,"3"
60,1,2,35,55,21157,4,1,"3"
61,1,3,175,44,21012,5,2,"2"
62,1,2,35,56,22911,6,1,"3"
63,1,4,35,48,22039,4,2,"3"
64,1,3,35,79,21403,8,2,"3"
65,1,6,35,38,18901,9,2,"3"
66,1,4,175,43,20816,11,3,"2"
67,1,2,90,53,22039,5,1,"1"
68,0,2,145,54,21401,7,3,"2"
69,1,2,35,67,22015,6,3,"3"
70,1,2,35,69,8753,9,3,"3"
71,0,1,35,60,8759,6,3,"3"
72,1,3,45,48,19027,2,1,"3"
73,1,2,90,72,20132,8,3,"1"
74,1,1,95,58,22192,1,1,"1"
75,1,3,35,74,20853,9,1,"3"
76,1,6,65,40,21015,7,1,"3"
77,0,2,175,53,20817,6,2,"2"
78,1,5,80,53,8003,1,3,"3"
79,0,1,35,57,22315,7,2,"3"
80,0,2,65,70,20112,9,2,"3"
81,1,5,35,50,8088,10,3,"3"
82,1,2,35,44,20187,8,3,"3"
83,1,3,35,65,8724,6,3,"3"
84,1,2,65,45,21401,5,2,"3"
85,1,3,135,65,18940,2,2,"2"
86,1,3,65,49,20855,3,1,"3"
87,1,4,60,54,21146,9,3,"3"
88,1,3,65,55,8096,5,3,"3"
89,1,3,35,56,20879,7,3,"3"
90,0,1,35,58,8527,4,3,"3"
91,0,1,135,59,22181,6,2,"2"
92,1,4,35,39,8721,6,1,"3"
93,0,3,35,64,19027,8,1,"3"
94,1,3,65,51,21074,11,3,"3"
95,1,5,160,82,22152,8,1,"2"
96,0,4,50,54,20170,9,3,"3"
97,1,1,120,54,20003,5,3,"2"
98,1,3,175,64,21042,1,3,"2"
99,0,2,70,88,21401,4,3,"3"
100,0,3,35,38,21771,7,1,"3"
101,1,3,35,36,8048,2,1,"3"
102,1,4,105,56,21108,11,2,"1"
103,0,2,55,72,8226,1,1,"3"
104,1,3,175,54,21014,4,1,"2"
105,1,2,35,51,20872,1,3,"3"
106,1,4,35,52,8742,11,2,"3"
107,0,2,100,74,20117,8,1,"1"
108,0,1,80,42,22205,10,1,"3"
109,0,2,70,60,8062,3,1,"3"
110,1,5,35,46,23229,4,3,"3"
111,1,4,35,60,22030,8,1,"3"
112,0,4,35,62,8753,8,1,"3"
113,1,2,95,49,21093,6,1,"1"
114,0,3,55,37,20015,7,1,"3"
115,1,3,50,39,20187,2,3,"3"
116,1,5,35,61,21230,7,2,"3"
117,0,3,35,57,21037,11,3,"3"
118,0,2,35,76,22701,10,2,"3"
119,0,4,35,62,22182,10,2,"3"
120,1,4,35,47,8057,1,1,"3"
121,1,3,175,58,21035,7,2,"2"
122,0,3,50,58,20008,4,1,"3"
123,1,6,35,79,20874,6,3,"3"
124,1,4,60,34,20882,3,2,"3"
125,0,2,45,62,8690,11,1,"3"
126,1,4,40,45,22554,11,2,"3"
127,1,3,150,56,22039,3,1,"2"
128,0,3,175,53,22031,8,1,"2"
129,0,2,35,39,20815,1,1,"3"
130,0,2,150,66,22046,9,2,"2"
131,1,3,65,36,19152,5,3,"3"
132,1,5,105,46,22407,8,3,"1"
133,0,5,35,57,7726,6,1,"3"
134,1,5,110,54,20176,11,1,"1"
135,1,4,165,47,21204,1,2,"2"
136,0,3,175,42,22152,9,1,"2"
137,1,4,135,51,21014,3,2,"2"
138,1,2,80,64,7728,3,3,"3"
139,0,1,110,59,21210,8,1,"1"
140,1,3,35,57,8701,10,1,"3"
141,1,3,35,58,20874,1,1,"3"
142,1,2,150,44,22903,1,2,"2"
143,0,1,75,46,21771,4,2,"3"
144,0,2,50,74,20853,3,1,"3"
145,0,1,35,57,22314,8,2,"3"
146,1,2,85,60,21158,4,3,"3"
147,1,5,35,50,8084,1,1,"3"
148,0,1,45,36,20902,9,2,"3"
149,1,6,35,53,20879,1,1,"3"
150,1,1,35,48,8691,2,2,"3"
151,1,4,35,63,22039,4,2,"3"
152,1,3,35,42,19020,9,3,"3"
153,0,4,55,52,22554,4,2,"3"
154,1,4,95,52,21122,2,3,"1"
155,1,2,145,64,22151,5,3,"2"
156,0,3,125,46,21122,6,1,"2"
157,1,3,55,52,21157,11,1,"3"
158,1,3,140,47,22101,4,2,"2"
159,1,2,105,41,21784,10,3,"1"
160,0,4,35,61,21133,5,3,"3"
161,0,4,35,50,20814,5,3,"3"
162,1,3,35,65,20910,7,1,"3"
163,0,3,35,71,22901,7,1,"3"
164,1,1,35,60,21228,2,1,"3"
165,1,1,35,56,20877,1,1,"3"
166,0,3,175,40,22192,9,3,"2"
167,0,2,35,48,22315,11,2,"3"
168,1,2,35,37,22302,2,1,"3"
169,1,2,60,59,19002,6,1,"3"
170,1,2,35,60,8094,10,3,"3"
171,1,1,35,54,22003,6,2,"3"
172,1,3,130,52,22901,3,1,"2"
173,0,4,110,32,22554,2,3,"1"
174,1,2,40,30,24060,3,1,"3"
175,0,4,35,56,20191,10,1,"3"
176,1,1,35,72,21042,10,2,"3"
177,0,3,45,53,19020,4,2,"3"
178,1,3,35,58,22026,6,3,"3"
179,0,8,75,39,21212,6,2,"3"
180,1,6,90,57,22102,3,3,"1"
181,1,5,130,39,20181,5,2,"2"
182,0,2,35,61,8742,6,2,"3"
183,0,1,35,46,22309,7,3,"3"
184,1,3,130,53,8550,1,1,"2"
185,1,1,70,54,20895,7,3,"3"
186,1,4,175,41,23113,6,1,"2"
187,0,2,70,79,22102,4,3,"3"
188,0,1,35,40,22314,5,2,"3"
189,0,5,125,71,19083,10,1,"2"
190,1,2,175,41,20120,5,1,"2"
191,0,6,140,44,19067,10,1,"2"
192,0,3,35,48,21114,1,3,"3"
193,1,1,35,27,19103,7,3,"3"
194,1,4,60,60,19149,5,3,"3"
195,1,3,35,58,22305,1,2,"3"
196,1,1,35,42,21234,10,1,"3"
197,0,1,50,53,22304,2,3,"3"
198,1,5,65,52,19083,1,3,"3"
199,1,3,65,48,8050,1,1,"3"
200,1,3,115,55,21208,9,3,"1"
201,1,4,130,50,22307,5,2,"2"
202,1,4,45,67,8648,2,1,"3"
203,0,2,35,37,19136,4,1,"3"
204,0,2,175,75,22314,8,3,"2"
205,1,3,35,53,22407,6,3,"3"
206,1,2,35,68,8332,9,2,"3"
207,1,4,75,63,8054,1,3,"3"
208,0,2,35,77,21228,10,1,"3"
209,1,5,55,47,8221,5,1,"3"
210,1,3,35,47,21014,9,3,"3"
211,0,4,35,43,20136,5,1,"3"
212,0,1,45,41,22305,10,1,"3"
213,0,4,35,40,8033,7,1,"3"
214,0,2,40,48,8053,1,3,"3"
215,1,3,35,79,19154,2,3,"3"
216,0,2,35,61,21218,10,2,"3"
217,1,1,35,46,20904,7,2,"3"
218,0,2,35,83,20902,4,2,"3"
219,1,2,110,62,22701,9,3,"1"
220,1,4,35,47,20141,5,1,"3"
221,1,3,60,39,21784,5,1,"3"
222,1,1,40,50,8724,9,2,"3"
223,1,5,175,43,8080,1,2,"2"
224,1,4,35,53,21784,6,2,"3"
225,1,6,120,65,22192,8,2,"2"
226,1,2,50,80,8540,5,3,"3"
227,0,1,120,46,22207,11,1,"2"
228,1,2,35,50,22611,1,2,"3"
229,1,1,40,78,22044,9,2,"3"
230,1,2,175,33,21784,10,1,"2"
231,1,2,95,56,22030,5,2,"1"
232,1,2,175,51,22152,9,1,"2"
233,1,4,35,46,20186,6,1,"3"
234,0,1,35,45,21774,2,3,"3"
235,1,1,60,65,21204,2,1,"3"
236,1,1,35,50,20874,7,3,"3"
237,1,5,60,39,20190,9,3,"3"
238,0,5,105,61,22554,8,1,"1"
239,0,1,175,56,8054,7,2,"2"
240,1,5,60,48,21401,9,3,"3"
241,0,7,65,43,22407,7,2,"3"
242,1,2,155,47,22901,6,1,"2"
243,1,2,35,64,19038,5,2,"3"
244,0,2,85,43,20037,6,2,"3"
245,1,4,35,45,20194,2,2,"3"
246,1,3,175,47,19006,7,3,"2"
247,1,9,45,60,23229,8,3,"3"
248,1,2,50,72,8816,10,1,"3"
249,0,4,35,44,21136,1,3,"3"
250,0,3,35,61,21228,1,2,"3"
251,0,3,35,41,18966,7,3,"3"
252,0,2,50,89,8701,1,2,"3"
253,1,2,90,69,8037,1,1,"1"
254,0,5,55,37,21074,5,2,"3"
255,1,5,35,48,8083,10,3,"3"
256,1,3,175,67,21048,3,1,"2"
257,1,3,35,75,20854,11,3,"3"
258,1,1,55,51,23185,4,2,"3"
259,0,5,35,47,20879,7,1,"3"
260,1,5,175,58,22153,9,3,"2"
261,1,4,60,60,21212,5,3,"3"
262,0,1,105,62,22308,7,1,"1"
263,0,5,35,34,8053,10,1,"3"
264,1,4,55,54,21131,7,3,"3"
265,0,2,60,37,21061,5,2,"3"
266,0,4,70,49,20181,2,1,"3"
267,1,4,35,63,18966,5,1,"3"
268,1,2,120,60,22205,3,1,"2"
269,1,2,35,57,20832,7,3,"3"
270,1,5,75,42,20187,9,2,"3"
271,0,1,35,51,18940,9,3,"3"
272,1,1,115,43,18901,9,2,"1"
273,0,2,35,81,22630,8,2,"3"
274,1,5,35,51,22601,5,3,"3"
275,1,2,110,53,8360,1,1,"1"
276,0,2,35,65,8016,1,1,"3"
277,0,3,55,56,21015,6,3,"3"
278,0,4,85,42,22193,4,1,"1"
279,0,2,35,58,22152,1,2,"3"
280,1,4,175,48,22003,8,2,"2"
281,1,1,150,68,22003,3,3,"2"
282,0,3,35,80,19087,9,2,"3"
283,1,2,35,64,21044,9,1,"3"
284,0,3,40,58,19152,11,1,"3"
285,1,4,35,42,20147,9,2,"3"
286,1,4,45,77,8757,7,3,"3"
287,0,4,35,53,8226,6,1,"3"
288,1,2,110,55,20782,4,3,"1"
289,1,5,160,54,20832,9,3,"2"
290,1,2,55,64,22192,10,3,"3"
291,1,4,50,53,20815,1,1,"3"
292,0,3,95,53,21702,3,3,"1"
293,0,4,35,43,21401,6,2,"3"
294,1,2,40,42,20109,1,1,"3"
295,1,3,35,59,20817,9,2,"3"
296,1,2,35,70,8087,6,1,"3"
297,0,1,35,50,8055,4,2,"3"
298,0,5,35,39,8055,2,3,"3"
299,0,2,35,83,20906,3,1,"3"
300,1,3,55,52,8322,2,3,"3"
301,1,2,35,62,21244,4,3,"3"
302,1,1,35,43,22305,7,3,"3"
303,0,3,175,43,22205,11,1,"2"
304,1,2,35,55,22180,2,2,"3"
305,1,3,35,60,8096,3,1,"3"
306,1,1,80,49,22901,2,2,"3"
307,1,2,70,70,22033,2,2,"3"
308,1,3,175,37,21286,11,2,"2"
309,0,3,50,28,20124,6,3,"3"
310,1,2,35,41,20815,7,3,"3"
311,1,2,175,67,23185,6,2,"2"
312,0,3,55,59,8648,1,2,"3"
313,1,3,90,64,8226,10,1,"1"
314,1,5,35,41,8540,1,3,"3"
315,1,4,65,69,20186,9,3,"3"
316,0,1,175,56,19083,1,1,"2"
317,1,4,175,51,21108,2,3,"2"
318,1,2,60,53,21286,7,2,"3"
319,0,3,70,57,22310,10,1,"3"
320,1,5,35,56,8075,1,1,"3"
321,0,3,35,45,20904,4,2,"3"
322,1,3,40,65,21401,3,3,"3"
323,0,3,50,64,22152,5,1,"3"
324,1,5,75,52,8080,11,3,"3"
325,0,2,35,34,21042,5,3,"3"
326,0,2,175,40,20016,2,1,"2"
327,1,3,35,73,8757,8,2,"3"
328,0,2,170,49,21136,8,3,"2"
329,1,4,35,59,20854,9,2,"3"
330,0,1,35,80,19128,5,3,"3"
331,1,2,35,52,20176,4,2,"3"
332,0,3,35,60,18901,1,1,"3"
333,0,3,105,48,21784,11,2,"1"
334,0,2,35,63,22602,10,3,"3"
335,1,2,75,32,20003,7,2,"3"
336,1,2,145,78,22124,10,2,"2"
337,1,6,40,52,20120,9,3,"3"
338,0,2,35,45,8050,8,3,"3"
339,1,2,35,52,8742,5,1,"3"
340,1,3,110,50,23113,5,1,"1"
341,1,3,50,51,20715,10,1,"3"
342,0,2,35,45,8021,5,3,"3"
343,1,3,50,58,22405,8,3,"3"
344,0,1,110,63,22182,4,3,"1"
345,1,3,40,48,21012,6,1,"3"
346,0,4,35,51,20832,5,1,"3"
347,1,1,35,51,20015,10,3,"3"
348,0,2,35,76,22630,8,2,"3"
349,0,2,35,56,22630,6,3,"3"
350,1,3,35,43,8075,4,2,"3"
351,1,2,70,59,21117,6,2,"3"
352,1,3,35,57,20878,6,1,"3"
353,1,4,35,68,20715,3,2,"3"
354,0,3,80,73,22066,11,1,"3"
355,1,5,35,48,19119,11,1,"3"
356,0,2,40,34,20175,8,3,"3"
357,1,4,90,52,21042,1,3,"1"
358,1,3,35,53,21035,6,1,"3"
359,1,3,115,52,22039,8,3,"1"
360,1,2,175,39,8505,9,2,"2"
361,1,3,55,59,19010,10,3,"3"
362,1,4,100,38,20147,2,3,"1"
363,0,4,55,66,20176,9,3,"3"
364,1,2,110,62,20854,1,2,"1"
365,1,3,120,60,22101,5,2,"2"
366,1,3,110,41,8527,1,3,"1"
367,0,1,45,81,8054,2,1,"3"
368,0,2,35,82,19067,7,1,"3"
369,0,1,60,53,20852,8,1,"3"
370,1,4,45,52,19149,3,1,"3"
371,0,1,80,56,8755,6,3,"3"
372,1,2,35,79,20175,1,1,"3"
373,1,2,100,47,22911,7,1,"1"
374,0,3,90,56,8753,9,3,"1"
375,1,4,35,42,21212,1,3,"3"
376,1,4,50,46,23229,3,2,"3"
377,0,2,50,61,8540,5,2,"3"
378,1,2,35,86,20902,11,1,"3"
379,0,2,35,59,20117,4,3,"3"
380,1,1,45,67,22193,10,2,"3"
381,0,1,60,72,22310,9,1,"3"
382,1,3,55,52,8003,9,2,"3"
383,1,3,35,85,21212,10,2,"3"
384,0,2,60,73,21093,2,2,"3"
385,0,5,80,40,22405,3,2,"3"
386,1,3,115,52,21157,11,3,"1"
387,1,6,70,44,22003,1,3,"3"
388,0,1,35,47,8051,1,3,"3"
389,0,4,35,42,20110,4,2,"3"
390,1,5,130,42,8628,4,2,"2"
391,0,2,130,86,19096,5,3,"2"
392,1,3,35,43,22003,7,3,"3"
393,0,2,35,53,21771,11,2,"3"
394,1,3,175,74,22101,10,3,"2"
395,1,4,65,50,21157,3,3,"3"
396,1,4,145,38,20175,7,3,"2"
397,1,4,100,35,21146,3,2,"1"
398,1,5,40,50,22315,4,3,"3"
399,1,2,35,85,8204,1,2,"3"
400,1,3,35,45,22039,8,2,"3"
401,0,2,35,35,22911,5,3,"3"
402,1,2,60,83,22181,3,1,"3"
403,1,2,35,86,8226,11,1,"3"
404,1,3,55,42,20876,5,1,"3"
405,0,2,65,62,8302,6,3,"3"
406,0,1,35,44,21113,7,3,"3"
407,1,1,35,90,8053,11,2,"3"
408,0,3,35,55,22302,8,1,"3"
409,1,3,90,56,22601,10,1,"1"
410,0,5,35,59,21144,11,2,"3"
411,1,3,115,58,21228,5,2,"1"
412,0,3,75,57,8078,2,2,"3"
413,1,3,35,63,21117,5,2,"3"
414,0,1,80,49,21209,5,3,"3"
415,1,3,50,65,22181,8,1,"3"
416,1,2,35,36,20814,9,1,"3"
417,1,2,35,67,8610,9,2,"3"
418,1,2,55,55,20707,9,2,"3"
419,1,3,125,38,23233,8,1,"2"
420,0,4,35,66,19096,1,2,"3"
421,1,3,105,61,21093,10,2,"1"
422,1,2,35,60,20190,4,3,"3"
423,0,5,35,48,22026,5,1,"3"
424,1,2,35,53,19067,4,3,"3"
425,0,1,35,40,18940,2,2,"3"
426,1,4,35,53,21042,2,3,"3"
427,0,1,35,80,20817,1,2,"3"
428,1,1,35,73,21030,3,2,"3"
429,1,2,70,55,23185,5,3,"3"
430,1,4,35,41,20148,7,3,"3"
431,1,2,35,72,22205,9,3,"3"
432,1,4,85,35,19038,4,2,"1"
433,1,2,35,69,8753,2,1,"3"
434,1,1,35,71,22901,8,2,"3"
435,1,4,175,60,22039,1,2,"2"
436,1,5,35,48,21030,11,2,"3"
437,0,4,35,47,20724,10,2,"3"
438,1,3,35,55,21136,5,1,"3"
439,0,2,85,74,8022,7,1,"3"
440,0,2,40,29,20009,1,2,"3"
441,1,3,35,80,20194,7,2,"3"
442,0,5,35,42,20181,2,1,"3"
443,0,1,175,54,20815,3,2,"2"
444,0,3,35,56,22407,4,2,"3"
445,0,1,55,37,8085,5,3,"3"
446,1,1,60,79,8050,11,3,"3"
447,1,1,50,39,21212,10,2,"3"
448,0,1,35,70,8201,2,2,"3"
449,1,2,65,59,21228,4,1,"3"
450,1,3,175,50,22101,4,3,"2"
451,1,3,35,51,22102,6,1,"3"
452,0,1,65,53,8619,2,1,"3"
453,1,2,90,53,22079,9,2,"1"
454,1,3,35,50,21136,3,3,"3"
455,1,2,35,65,21054,7,2,"3"
456,1,4,65,40,20002,8,2,"3"
457,1,2,95,35,20854,1,1,"1"
458,1,5,35,54,8731,7,1,"3"
459,0,3,115,52,22309,11,1,"1"
460,1,2,35,48,20906,1,3,"3"
461,1,2,175,66,23185,7,2,"2"
462,0,3,160,67,23233,1,2,"2"
463,0,1,35,49,20009,5,2,"3"
464,0,1,60,39,22201,9,1,"3"
465,1,4,165,44,21774,1,2,"2"
466,1,2,175,62,20833,11,2,"2"
467,1,1,55,51,22201,4,2,"3"
468,1,1,35,56,21037,11,2,"3"
469,0,3,35,58,21074,6,3,"3"
470,1,5,90,51,21228,4,2,"1"
471,0,4,35,40,23229,2,1,"3"
472,0,4,175,54,20120,4,1,"2"
473,0,1,35,87,19128,4,3,"3"
474,1,1,70,63,20814,3,1,"3"
475,0,2,75,62,20194,4,3,"3"
476,1,3,35,42,8060,11,2,"3"
477,1,2,50,69,8690,10,2,"3"
478,1,2,35,60,22039,4,3,"3"
479,1,6,60,55,8005,1,1,"3"
480,0,3,175,59,20854,1,1,"2"
481,0,2,90,34,8648,8,1,"1"
482,1,3,60,50,20171,9,2,"3"
483,1,3,75,51,22044,1,2,"3"
484,1,3,35,59,19006,10,3,"3"
485,1,3,75,46,22309,9,1,"3"
486,0,1,40,52,20036,1,2,"3"
487,0,3,35,51,21136,1,1,"3"
488,0,1,35,43,22901,10,1,"3"
489,1,4,35,37,19154,5,2,"3"
490,1,4,35,60,20715,6,1,"3"
491,1,3,50,54,20171,11,3,"3"
492,1,2,40,37,20794,5,1,"3"
493,0,3,115,54,8742,5,1,"1"
494,1,2,35,54,22041,9,3,"3"
495,1,2,175,51,20878,10,2,"2"
496,0,2,35,53,21046,11,2,"3"
497,0,3,35,45,21797,11,1,"3"
498,1,1,35,54,21207,11,1,"3"
499,1,5,55,45,8520,1,1,"3"
500,0,4,35,56,8090,8,1,"3"
501,0,2,65,54,20902,1,1,"3"
502,1,1,35,34,20009,7,1,"3"
503,0,2,50,61,20895,10,3,"3"
504,1,3,50,58,20874,8,3,"3"
505,1,6,35,49,20910,2,1,"3"
506,1,3,35,56,20816,1,1,"3"
507,1,3,80,54,21234,5,3,"3"
508,1,2,40,63,21015,5,3,"3"
509,0,3,125,52,20151,5,2,"2"
510,1,3,175,43,18966,2,2,"2"
511,1,2,55,50,21093,1,2,"3"
512,1,5,35,40,8550,11,2,"3"
513,0,4,105,74,21054,11,1,"1"
514,0,2,90,72,21093,10,3,"1"
515,1,6,175,48,20816,4,2,"2"
516,0,3,35,50,8050,1,2,"3"
517,0,2,35,32,22401,1,1,"3"
518,1,1,35,53,22032,4,2,"3"
519,1,2,35,63,19154,8,3,"3"
520,0,2,35,39,21701,3,2,"3"
521,1,2,175,74,8053,3,1,"2"
522,0,2,35,61,8003,2,2,"3"
523,0,3,45,52,21113,3,3,"3"
524,1,5,175,71,8527,9,3,"2"
525,1,1,40,37,22003,3,3,"3"
526,0,4,35,52,21044,10,2,"3"
527,0,2,70,62,19446,8,2,"3"
528,0,3,145,48,23229,4,3,"2"
529,1,6,45,46,21227,4,3,"3"
530,0,4,35,51,20740,7,3,"3"
531,0,4,35,48,20715,8,2,"3"
532,0,4,90,61,20170,7,2,"1"
533,1,4,120,59,23113,9,3,"2"
534,0,2,65,71,21042,3,3,"3"
535,0,2,45,45,20164,6,2,"3"
536,0,1,40,59,20910,4,3,"3"
537,0,5,100,56,23113,9,3,"1"
538,0,6,65,59,22312,8,2,"3"
539,0,1,75,49,20770,6,1,"3"
540,0,3,35,58,21230,7,3,"3"
541,1,2,175,74,20176,2,2,"2"
542,1,5,35,44,21014,8,3,"3"
543,1,3,130,57,20854,4,1,"2"
544,1,2,35,48,19053,11,1,"3"
545,1,3,75,47,20853,7,3,"3"
546,0,2,35,44,19149,1,3,"3"
547,1,2,35,55,8053,3,2,"3"
548,1,2,105,62,20181,5,3,"1"
549,1,3,130,49,22302,6,2,"2"
550,0,4,150,51,8080,5,1,"2"
551,0,3,35,47,19087,8,3,"3"
552,0,4,35,57,8215,11,3,"3"
553,1,2,45,71,8723,9,1,"3"
554,0,1,55,69,21014,9,2,"3"
555,1,5,85,37,23229,5,1,"1"
556,0,3,70,33,21074,2,2,"3"
557,1,3,100,45,20141,10,1,"1"
558,1,3,135,53,24060,8,1,"2"
559,1,1,35,54,20878,7,1,"3"
560,1,4,35,65,20152,1,1,"3"
561,1,3,175,66,19002,10,1,"2"
562,1,2,35,56,21701,8,1,"3"
563,1,4,35,55,20155,10,3,"3"
564,1,2,50,43,22401,11,1,"3"
565,1,3,35,33,21014,11,2,"3"
566,1,2,35,63,22308,10,1,"3"
567,0,3,35,45,20878,6,3,"3"
568,1,2,35,65,22193,6,1,"3"
569,1,2,130,40,21230,2,2,"2"
570,1,4,35,68,19119,10,2,"3"
571,0,2,60,41,20002,11,2,"3"
572,1,2,35,71,20815,9,1,"3"
573,1,3,40,64,20016,2,1,"3"
574,1,2,35,80,8053,10,3,"3"
575,0,2,35,37,22079,6,1,"3"
576,1,3,35,51,19067,8,1,"3"
577,1,4,35,47,8080,2,2,"3"
578,1,5,105,39,8648,6,1,"1"
579,1,5,175,48,22079,7,1,"2"
580,1,1,115,89,18940,11,2,"1"
581,1,4,175,45,22101,7,3,"2"
582,0,2,35,69,21702,1,2,"3"
583,1,2,175,46,8330,5,1,"2"
584,0,3,65,45,21014,11,2,"3"
585,1,2,35,67,20854,2,2,"3"
586,1,2,160,58,8742,11,1,"2"
587,1,5,35,78,8096,11,3,"3"
588,1,4,175,46,20854,6,1,"2"
589,0,1,35,77,8520,1,3,"3"
590,0,1,35,39,20186,9,1,"3"
591,0,2,35,51,8051,11,1,"3"
592,1,1,35,27,8055,3,2,"3"
593,0,1,60,77,21228,3,2,"3"
594,1,5,35,43,20170,5,2,"3"
595,1,6,35,51,19083,9,1,"3"
596,1,4,135,55,23233,3,1,"2"
597,0,4,160,43,19002,1,3,"2"
598,1,1,35,89,19128,1,2,"3"
599,1,4,105,41,20181,8,3,"1"
600,1,4,35,53,22301,7,1,"3"
601,1,4,140,60,8550,8,3,"2"
602,1,5,145,57,22015,9,1,"2"
603,1,1,35,52,20904,6,2,"3"
604,1,3,35,41,20147,7,3,"3"
605,1,2,35,44,21014,7,1,"3"
606,1,1,35,50,19135,10,3,"3"
607,0,3,35,59,20901,7,3,"3"
608,0,3,35,48,22308,5,1,"3"
609,1,3,35,57,8060,6,1,"3"
610,0,4,125,60,20170,9,3,"2"
611,0,5,105,47,22407,10,3,"1"
612,1,4,35,55,21044,8,3,"3"
613,1,2,85,37,18940,1,3,"3"
614,1,2,35,36,20170,10,1,"3"
615,0,1,150,71,8361,4,3,"2"
616,1,3,35,59,22307,6,3,"3"
617,1,3,175,59,22102,5,2,"2"
618,0,3,45,68,21701,5,3,"3"
619,0,1,175,55,18901,2,2,"2"
620,0,3,35,59,22901,8,1,"3"
621,0,3,45,61,20878,10,3,"3"
622,0,1,35,81,20906,10,2,"3"
623,0,2,35,64,19149,3,1,"3"
624,0,1,35,53,20015,2,1,"3"
625,1,2,35,55,21401,4,1,"3"
626,0,1,35,44,20003,3,2,"3"
627,0,2,60,53,8033,9,2,"3"
628,1,2,45,53,22901,7,3,"3"
629,0,3,35,40,8361,10,1,"3"
630,1,3,65,72,8753,8,3,"3"
631,0,3,45,78,8540,4,1,"3"
632,1,3,35,64,8302,10,3,"3"
633,0,2,35,62,20905,6,3,"3"
634,0,2,85,55,20854,1,1,"3"
635,1,2,115,74,8816,7,3,"1"
636,0,3,95,40,8012,11,3,"1"
637,0,1,125,82,22003,5,1,"2"
638,0,3,35,31,20016,1,2,"3"
639,1,2,35,70,8757,10,1,"3"
640,1,6,40,41,8016,6,2,"3"
641,1,3,35,50,21074,6,3,"3"
642,1,6,175,47,22153,5,1,"2"
643,1,5,50,53,21204,6,2,"3"
644,1,2,165,60,8628,2,2,"2"
645,0,1,55,35,21209,4,3,"3"
646,1,2,95,57,20016,3,1,"1"
647,1,2,35,57,20118,1,2,"3"
648,0,2,35,34,19087,3,1,"3"
649,1,4,165,66,22304,10,1,"2"
650,0,4,65,69,20853,11,1,"3"
651,1,3,35,43,20112,1,3,"3"
652,0,1,35,56,22066,8,1,"3"
653,1,3,35,60,8055,10,1,"3"
654,0,2,50,77,8088,7,1,"3"
655,1,3,35,56,8723,7,1,"3"
656,1,1,65,65,22308,2,3,"3"
657,1,1,55,48,22124,5,3,"3"
658,0,4,75,63,18901,8,1,"3"
659,0,3,175,62,21108,1,1,"2"
660,1,5,40,42,8062,4,3,"3"
661,0,3,35,56,23233,4,2,"3"
662,1,3,35,58,22401,5,1,"3"
663,1,3,90,45,22306,4,1,"1"
664,0,1,60,52,22314,4,2,"3"
665,1,1,95,46,20902,11,3,"1"
666,1,5,65,51,22003,1,3,"3"
667,1,4,140,38,8873,3,1,"2"
668,0,4,35,46,8620,10,2,"3"
669,1,2,150,51,22601,2,3,"2"
670,0,3,55,72,20815,10,3,"3"
671,0,2,35,62,23185,1,2,"3"
672,1,2,35,43,8062,5,2,"3"
673,1,1,35,60,8244,5,1,"3"
674,1,3,65,62,20882,11,2,"3"
675,1,3,35,54,21286,10,1,"3"
676,0,2,35,59,22204,4,3,"3"
677,0,3,35,51,19006,9,1,"3"
678,1,2,115,56,19046,4,2,"1"
679,0,3,60,46,8332,1,2,"3"
680,0,3,175,68,19010,9,3,"2"
681,0,1,35,64,18940,4,1,"3"
682,1,3,35,40,22401,5,3,"3"
683,0,3,70,49,22039,11,1,"3"
684,1,3,35,77,21093,3,2,"3"
685,0,2,55,49,20723,5,3,"3"
686,1,2,50,46,20901,1,2,"3"
687,0,2,35,65,21224,6,2,"3"
688,0,2,90,59,20171,2,2,"1"
689,1,3,75,63,20895,3,2,"3"
690,1,3,130,73,22207,5,3,"2"
691,1,2,95,52,7728,7,3,"1"
692,0,1,40,81,19115,9,2,"3"
693,1,4,95,38,21784,10,1,"1"
694,0,2,115,30,21771,1,3,"1"
695,1,2,70,42,23233,11,2,"3"
696,1,3,65,63,21286,11,3,"3"
697,1,4,35,45,22032,3,1,"3"
698,0,2,45,41,20181,4,1,"3"
699,1,2,80,42,24060,7,2,"3"
700,1,4,35,54,20191,4,3,"3"
701,1,2,35,63,19010,6,1,"3"
702,0,1,35,66,22032,4,3,"3"
703,0,2,35,36,22205,3,3,"3"
704,1,4,35,54,22079,11,2,"3"
705,0,4,35,43,20112,1,1,"3"
706,1,1,35,44,8043,10,2,"3"
707,0,6,35,48,19047,4,2,"3"
708,1,3,35,47,21117,4,1,"3"
709,0,5,45,42,20132,8,3,"3"
710,1,2,40,61,22015,7,3,"3"
711,1,2,75,65,8690,7,1,"3"
712,1,4,75,46,21117,9,3,"3"
713,1,1,35,44,19053,10,3,"3"
714,0,4,45,73,22308,3,1,"3"
715,1,5,60,65,8034,3,2,"3"
716,0,2,35,61,22030,5,2,"3"
717,1,3,175,36,22901,4,2,"2"
718,1,2,110,55,21401,9,3,"1"
719,0,1,145,40,20816,10,1,"2"
720,1,1,35,79,20910,7,2,"3"
721,1,8,35,41,7728,11,2,"3"
722,1,3,35,44,22901,4,1,"3"
723,1,3,35,49,22003,4,3,"3"
724,1,3,35,80,18940,7,1,"3"
725,0,2,80,59,22030,6,1,"3"
726,0,1,35,60,8008,2,3,"3"
727,0,1,35,31,22206,9,1,"3"
728,0,1,35,50,22192,2,2,"3"
729,0,2,175,59,22043,8,2,"2"
730,1,2,50,76,21117,8,3,"3"
731,1,2,35,37,22102,6,1,"3"
732,0,5,35,50,8050,6,1,"3"
733,1,3,35,47,8406,5,3,"3"
734,1,5,150,47,20175,2,3,"2"
735,0,3,35,67,8210,7,1,"3"
736,1,4,40,63,18966,1,3,"3"
737,1,2,35,82,20112,8,2,"3"
738,0,6,100,39,22911,2,1,"1"
739,1,2,35,73,21054,1,3,"3"
740,0,3,35,50,22066,11,2,"3"
741,0,2,70,54,8055,2,3,"3"
742,1,3,75,71,8053,6,2,"3"
743,1,3,35,37,19128,4,3,"3"
744,1,4,45,61,8003,11,3,"3"
745,1,2,35,48,19446,6,1,"3"
746,1,4,35,44,8098,11,1,"3"
747,1,1,35,85,19038,8,2,"3"
748,1,4,35,38,21114,7,1,"3"
749,1,2,35,44,21146,10,2,"3"
750,0,2,35,37,20191,10,1,"3"
751,1,4,100,39,20132,4,1,"1"
752,1,4,65,55,18901,9,1,"3"
753,1,5,175,52,20816,11,2,"2"
754,1,1,50,82,20008,6,2,"3"
755,0,1,140,57,20910,1,3,"2"
756,0,1,155,71,21030,9,2,"2"
757,1,5,35,48,21042,4,1,"3"
758,1,2,160,50,22191,2,3,"2"
759,0,3,35,75,20855,8,3,"3"
760,0,1,35,63,8108,6,2,"3"
761,0,3,35,84,21401,8,3,"3"
762,0,1,35,42,20002,11,2,"3"
763,1,4,80,59,18940,1,2,"3"
764,1,2,40,54,8691,4,1,"3"
765,0,1,35,60,19087,4,1,"3"
766,0,2,65,56,21046,10,2,"3"
767,0,3,35,44,8620,10,2,"3"
768,0,3,175,62,22032,5,1,"2"
769,0,1,100,58,8742,11,2,"1"
770,0,3,40,46,8065,3,3,"3"
771,1,2,35,45,21104,7,3,"3"
772,0,1,80,65,21244,11,1,"3"
773,1,6,35,43,19020,6,2,"3"
774,0,2,50,62,22611,3,1,"3"
775,1,3,35,66,21702,8,1,"3"
776,0,3,175,39,20124,3,1,"2"
777,0,2,140,44,22046,11,1,"2"
778,0,3,35,52,20707,9,2,"3"
779,1,2,95,59,22201,9,3,"1"
780,1,1,35,64,8759,6,1,"3"
781,1,3,55,51,22153,4,1,"3"
782,1,3,35,60,8244,7,3,"3"
783,0,3,35,57,20180,5,3,"3"
784,1,2,35,54,21093,11,3,"3"
785,1,3,35,68,22124,2,3,"3"
786,1,4,65,43,8005,6,2,"3"
787,1,1,40,73,19067,6,3,"3"
788,1,2,45,61,22102,9,3,"3"
789,1,4,175,65,21401,10,3,"2"
790,0,7,135,45,7728,5,2,"2"
791,0,3,50,53,21234,5,3,"3"
792,0,1,35,58,20861,6,1,"3"
793,1,2,55,57,21015,6,3,"3"
794,0,1,35,31,7728,4,3,"3"
795,0,2,45,76,8742,5,2,"3"
796,1,4,35,44,21122,8,1,"3"
797,0,2,40,49,20854,11,1,"3"
798,1,5,75,50,8332,3,1,"3"
799,1,3,75,36,21015,3,3,"3"
800,1,2,75,46,8690,4,2,"3"
801,1,2,35,33,20009,2,1,"3"
802,1,4,75,52,19446,5,3,"3"
803,1,2,35,75,21131,6,1,"3"
804,1,2,35,64,8080,6,1,"3"
805,1,4,35,44,23113,3,2,"3"
806,1,6,175,39,21702,2,2,"2"
807,1,7,35,53,21042,2,3,"3"
808,0,5,35,79,22207,5,2,"3"
809,1,5,110,42,8054,11,3,"1"
810,0,1,35,62,22003,2,1,"3"
811,1,1,120,70,22209,5,2,"2"
812,0,6,175,49,22032,10,1,"2"
813,1,4,175,66,8759,2,2,"2"
814,1,2,35,63,21204,3,1,"3"
815,1,3,65,50,22031,2,3,"3"
816,1,2,35,48,22630,3,2,"3"
817,1,3,50,54,21061,11,3,"3"
818,1,1,80,61,22193,5,3,"3"
819,0,2,35,59,8554,5,1,"3"
820,1,4,45,55,20708,10,3,"3"
821,1,1,35,52,8007,9,1,"3"
822,0,1,35,55,22901,9,1,"3"
823,1,4,35,30,19083,1,2,"3"
824,0,2,45,65,20816,11,3,"3"
825,0,2,35,32,22101,8,3,"3"
826,1,4,35,54,20895,5,3,"3"
827,0,4,45,39,20115,7,3,"3"
828,0,3,35,40,21797,10,2,"3"
829,0,5,115,43,8053,9,2,"1"
830,1,4,110,45,21204,8,1,"1"
831,0,1,35,59,22405,3,2,"3"
832,1,3,95,57,8009,3,2,"1"
833,0,5,35,52,22030,11,2,"3"
834,1,3,35,59,7726,2,2,"3"
835,1,2,130,61,22101,6,2,"2"
836,1,2,35,75,20187,6,3,"3"
837,1,2,35,53,8075,11,1,"3"
838,1,3,35,79,18940,6,2,"3"
839,1,2,175,41,22102,2,1,"2"
840,1,3,40,79,21014,6,2,"3"
841,1,2,35,84,20815,6,1,"3"
842,0,1,175,48,21032,2,2,"2"
843,0,2,80,53,21702,8,2,"3"
844,1,4,130,38,21108,1,2,"2"
845,1,3,35,58,21208,5,1,"3"
846,0,4,35,63,21158,8,1,"3"
847,0,1,70,57,22312,1,3,"3"
848,1,1,35,46,21228,2,2,"3"
849,1,4,175,66,24060,10,1,"2"
850,1,4,65,66,22310,10,3,"3"
851,0,2,115,40,8033,8,2,"1"
852,1,2,35,61,8628,5,1,"3"
853,1,3,155,77,22309,10,1,"2"
854,1,2,60,81,20117,2,3,"3"
855,1,4,75,43,21015,4,1,"3"
856,1,3,35,52,8226,8,2,"3"
857,1,3,90,61,21244,10,2,"1"
858,1,3,85,44,22079,2,2,"1"
859,0,1,55,42,8210,9,3,"3"
860,1,4,35,67,20110,7,2,"3"
861,1,5,35,60,21093,8,1,"3"
862,0,7,45,52,21133,6,2,"3"
863,1,7,95,78,21784,10,3,"1"
864,1,3,35,66,8015,3,1,"3"
865,1,2,35,38,23185,10,3,"3"
866,1,3,35,51,21229,8,1,"3"
867,0,3,35,51,19147,2,3,"3"
868,0,4,35,64,19128,8,1,"3"
869,0,4,35,44,20832,3,3,"3"
870,0,5,40,38,20171,3,3,"3"
871,1,3,110,52,21042,7,2,"1"
872,1,5,50,37,21136,11,2,"3"
873,1,4,50,47,8002,10,1,"3"
874,0,1,35,74,19446,8,1,"3"
875,1,9,175,41,19087,9,3,"2"
876,1,1,85,62,20016,11,1,"3"
877,1,3,35,59,21035,10,1,"3"
878,1,4,160,50,21157,1,2,"2"
879,1,2,45,63,8057,1,3,"3"
880,0,5,35,51,22039,9,3,"3"
881,1,1,35,61,22192,6,1,"3"
882,1,1,35,52,20910,4,2,"3"
883,0,1,35,57,8234,3,1,"3"
884,1,1,35,85,22209,7,3,"3"
885,0,3,85,74,21228,7,2,"1"
886,1,2,80,51,8033,10,2,"3"
887,1,4,65,58,18901,7,3,"3"
888,0,2,35,41,20175,5,2,"3"
889,0,3,35,58,8244,7,1,"3"
890,1,4,35,58,8109,11,1,"3"
891,1,5,150,46,18966,7,3,"2"
892,1,2,80,28,8088,11,3,"3"
893,0,3,40,27,8048,9,1,"3"
894,1,1,85,66,8873,6,3,"3"
895,1,1,35,30,20910,2,1,"3"
896,1,6,175,44,21784,2,1,"2"
897,1,2,70,66,21093,8,1,"3"
898,0,2,130,52,8731,1,3,"2"
899,0,1,35,35,21218,4,2,"3"
900,1,4,35,56,21044,1,1,"3"
901,1,2,85,71,8505,11,3,"3"
902,0,2,35,80,22030,10,3,"3"
903,1,1,35,34,20016,4,2,"3"
904,1,4,60,59,21209,4,1,"3"
905,0,3,45,56,22033,8,3,"3"
906,1,3,60,54,8075,11,3,"3"
907,1,3,175,55,21093,6,3,"2"
908,0,1,35,53,20109,8,1,"3"
909,0,4,65,40,20112,6,1,"3"
910,0,1,35,45,20180,11,3,"3"
911,1,3,35,38,20016,7,1,"3"
912,0,2,35,78,21060,6,3,"3"
913,1,3,35,46,19083,6,2,"3"
914,1,3,150,48,21227,10,1,"2"
915,1,2,50,38,22204,10,3,"3"
916,1,2,105,28,22182,4,2,"1"
917,1,2,35,62,20832,6,1,"3"
918,1,2,35,64,20814,8,1,"3"
919,1,3,35,43,8043,7,2,"3"
920,1,6,150,54,20854,3,3,"2"
921,1,2,110,32,8540,7,2,"1"
922,1,2,175,55,20008,4,1,"2"
923,1,4,45,59,21093,7,1,"3"
924,1,4,35,44,21074,9,3,"3"
925,1,2,35,58,19446,1,2,"3"
926,0,3,55,58,21015,10,1,"3"
927,1,3,35,55,19083,3,1,"3"
928,1,3,160,46,22205,9,1,"2"
929,0,2,35,68,8759,3,3,"3"
930,0,2,35,65,22304,10,3,"3"
931,1,1,55,63,20901,7,1,"3"
932,0,2,95,69,8077,5,3,"1"
933,1,5,35,43,8540,6,1,"3"
934,1,1,40,63,19136,8,3,"3"
935,0,1,90,75,20895,11,1,"1"
936,1,4,175,65,19038,10,3,"2"
937,0,1,35,34,20165,6,2,"3"
938,0,3,35,42,23233,4,3,"3"
939,1,2,35,49,20165,8,3,"3"
940,1,5,35,45,21146,11,3,"3"
941,1,1,75,48,20901,10,3,"3"
942,0,3,170,78,8873,4,1,"2"
943,1,2,35,48,20874,10,2,"3"
944,1,1,140,55,20895,7,1,"2"
945,1,4,35,70,21035,6,3,"3"
946,1,2,175,51,8360,2,3,"2"
947,1,2,35,58,24060,7,1,"3"
948,0,6,45,38,22193,3,1,"3"
949,1,2,35,56,8731,3,1,"3"
950,1,3,95,51,8080,5,1,"1"
951,1,1,175,42,19087,4,3,"2"
952,0,2,110,38,21157,1,2,"1"
953,1,3,175,57,20853,6,3,"2"
954,1,3,45,59,22152,6,3,"3"
955,0,1,75,48,22079,2,3,"3"
956,1,4,150,53,8008,11,3,"2"
957,1,2,175,46,20170,6,3,"2"
958,1,5,35,44,19147,11,1,"3"
959,0,2,60,58,21208,1,3,"3"
960,1,4,35,55,8691,3,3,"3"
961,0,4,115,56,20124,11,3,"1"
962,1,1,35,38,8330,3,1,"3"
963,1,5,100,60,21136,6,1,"1"
964,0,3,35,56,8062,11,1,"3"
965,0,3,35,45,8610,1,1,"3"
966,1,2,35,64,8046,5,1,"3"
967,0,1,45,68,21236,2,1,"3"
968,1,4,150,64,20861,3,1,"2"
969,1,3,175,32,20169,3,1,"2"
970,0,3,35,43,21093,4,3,"3"
971,1,1,55,55,21771,9,2,"3"
972,0,5,120,52,23113,10,3,"2"
973,1,2,50,35,20901,8,3,"3"
974,1,1,35,50,21136,6,2,"3"
975,1,3,55,36,8505,8,1,"3"
976,1,4,160,50,21093,1,1,"2"
977,1,6,65,38,20110,8,2,"3"
978,0,3,35,62,22207,11,1,"3"
979,0,4,175,52,8550,2,3,"2"
980,1,2,90,67,8003,3,3,"1"
981,0,2,60,47,23113,7,3,"3"
982,1,5,65,61,8690,5,2,"3"
983,1,4,165,78,22903,4,1,"2"
984,1,2,35,73,19096,11,1,"3"
985,1,5,45,43,23229,10,1,"3"
986,1,4,95,50,8108,10,1,"1"
987,1,4,130,68,8534,6,3,"2"
988,0,2,55,80,19010,5,2,"3"
989,1,2,35,65,21702,1,3,"3"
990,0,3,35,46,19067,3,3,"3"
991,1,2,155,63,8043,2,2,"2"
992,1,5,80,33,21122,2,1,"3"
993,1,5,130,70,22003,10,1,"2"
994,1,4,35,45,8873,6,1,"3"
995,1,4,35,42,19087,10,3,"3"
996,0,2,35,75,8002,8,1,"3"
997,1,3,35,57,22032,6,1,"3"
998,0,3,35,46,22207,7,2,"3"
999,0,2,35,67,19128,4,3,"3"
1000,0,1,100,72,22202,11,3,"1"
1001,1,5,65,48,21030,9,1,"3"
1002,0,1,175,44,22042,5,3,"2"
1003,1,2,55,52,21236,9,3,"3"
1004,1,4,50,32,8052,7,2,"3"
1005,1,2,35,42,8757,5,2,"3"
1006,1,2,65,68,21229,4,2,"3"
1007,1,1,90,72,20905,6,2,"1"
1008,0,3,175,76,21212,1,2,"2"
1009,1,3,70,29,22554,11,3,"3"
1010,0,3,50,39,8648,4,2,"3"
1011,0,7,35,49,20816,4,2,"3"
1012,0,5,50,67,19103,7,2,"3"
1013,1,2,35,48,19083,11,1,"3"
1014,1,3,105,76,20852,1,2,"1"
1015,1,2,65,86,8816,7,3,"3"
1016,1,1,35,81,19128,1,1,"3"
1017,1,2,35,48,19096,7,2,"3"
1018,0,3,160,50,21738,3,1,"2"
1019,1,4,135,65,8204,8,3,"2"
1020,1,4,80,61,21210,5,2,"3"
1021,0,2,35,69,20744,10,1,"3"
1022,0,1,85,29,22901,8,2,"3"
1023,0,4,120,65,20037,9,1,"2"
1024,1,5,75,53,23185,4,1,"3"
1025,0,3,35,58,8087,11,1,"3"
1026,1,3,45,62,8701,4,2,"3"
1027,1,5,35,48,19083,8,2,"3"
1028,1,3,125,45,21014,11,2,"2"
1029,1,3,175,58,8648,6,2,"2"
1030,0,5,95,50,20171,10,3,"1"
1031,0,4,35,52,23185,3,1,"3"
1032,1,6,35,41,8015,8,2,"3"
1033,0,1,35,55,18940,10,1,"3"
1034,0,4,115,52,21030,8,3,"1"
1035,1,2,40,61,19038,9,1,"3"
1036,0,1,90,53,23113,4,3,"1"
1037,0,2,175,35,22314,10,3,"2"
1038,1,3,80,55,20815,5,3,"3"
1039,1,2,175,73,21701,6,3,"2"
1040,1,2,35,83,22044,10,1,"3"
1041,1,3,35,46,20147,9,1,"3"
1042,1,1,110,80,8012,1,3,"1"
1043,1,2,45,57,22308,10,2,"3"
1044,1,1,35,84,8759,11,3,"3"
1045,0,3,80,52,22554,4,3,"3"
1046,1,1,35,78,19135,9,3,"3"
1047,0,1,75,46,21117,5,2,"3"
1048,1,2,35,52,23113,4,1,"3"
1049,1,2,65,37,20120,4,1,"3"
1050,0,4,175,47,20817,1,1,"2"
1051,1,3,65,67,20191,9,1,"3"
1052,0,5,35,46,19002,9,2,"3"
1053,1,4,90,55,20181,3,1,"1"
1054,0,1,55,59,20740,7,1,"3"
1055,0,2,175,54,22043,11,2,"2"
1056,0,1,35,59,18966,4,1,"3"
1057,1,2,35,32,8088,9,2,"3"
1058,1,2,50,75,8083,9,1,"3"
1059,1,6,35,50,8060,2,3,"3"
1060,1,3,110,61,18901,9,2,"1"
1061,1,3,40,55,20124,2,1,"3"
1062,1,2,45,62,22554,3,1,"3"
1063,0,7,35,52,19087,4,2,"3"
1064,1,2,35,37,8037,11,3,"3"
1065,0,4,35,57,8033,5,2,"3"
1066,0,3,105,57,20910,6,2,"1"
1067,0,1,55,47,21046,11,1,"3"
1068,0,4,35,45,8048,5,2,"3"
1069,1,1,35,57,21093,2,3,"3"
1070,1,2,35,63,20902,2,2,"3"
1071,0,1,95,41,20910,10,2,"1"
1072,0,3,35,52,20854,4,2,"3"
1073,1,4,35,43,19087,4,1,"3"
1074,1,3,35,72,8759,9,3,"3"
1075,0,3,40,59,21054,5,2,"3"
1076,1,3,95,47,20901,1,3,"1"
1077,1,2,35,80,8755,7,2,"3"
1078,1,2,45,39,22041,10,2,"3"
1079,1,2,50,67,20705,10,1,"3"
1080,1,5,35,46,8057,8,1,"3"
1081,1,2,55,73,21054,6,3,"3"
1082,1,2,85,67,21012,10,2,"3"
1083,0,1,175,40,22101,4,3,"2"
1084,1,1,40,48,8054,8,2,"3"
1085,1,4,65,49,20878,3,1,"3"
1086,0,5,85,61,8690,6,2,"1"
1087,1,2,35,38,8098,5,1,"3"
1088,0,1,100,65,18901,9,2,"1"
1089,1,3,35,76,18966,9,1,"3"
1090,0,4,80,67,8088,8,1,"3"
1091,1,4,120,40,8053,8,2,"2"
1092,0,1,35,73,8540,8,1,"3"
1093,1,4,90,50,22030,2,3,"1"
1094,0,3,175,68,21114,10,2,"2"
1095,1,3,175,48,20111,9,1,"2"
1096,0,3,50,65,22101,6,1,"3"
1097,1,2,130,38,20191,4,1,"2"
1098,0,1,65,40,22209,4,1,"3"
1099,0,2,80,58,22153,8,2,"3"
1100,1,4,35,44,20124,8,2,"3"
1101,1,4,35,55,8540,10,2,"3"
1102,1,5,35,47,8053,6,2,"3"
1103,1,4,35,47,21701,9,1,"3"
1104,0,3,35,45,19067,10,2,"3"
1105,1,3,35,59,8053,10,2,"3"
1106,1,3,35,49,20872,8,1,"3"
1107,1,2,35,41,20190,8,1,"3"
1108,0,1,45,30,8053,1,3,"3"
1109,1,4,45,49,19002,10,3,"3"
1110,1,2,35,80,8724,10,2,"3"
1111,0,4,35,28,22310,9,2,"3"
1112,0,3,35,73,20853,8,1,"3"
1113,1,6,80,48,8088,4,1,"3"
1114,1,1,35,51,20112,10,3,"3"
1115,1,4,175,46,23233,7,2,"2"
1116,0,4,35,65,8204,8,2,"3"
1117,1,4,35,57,22032,6,1,"3"
1118,1,2,35,49,21061,4,3,"3"
1119,0,1,35,49,8540,8,2,"3"
1120,1,4,35,48,18940,5,3,"3"
1121,1,3,35,48,8062,9,2,"3"
1122,1,2,35,65,21210,6,2,"3"
1123,1,1,75,61,21163,4,2,"3"
1124,1,4,65,53,21042,10,1,"3"
1125,1,2,35,80,8008,7,3,"3"
1126,0,4,35,36,22181,7,2,"3"
1127,0,4,90,47,23185,10,1,"1"
1128,1,3,45,29,8620,8,1,"3"
1129,0,4,35,62,21702,8,1,"3"
1130,0,3,45,32,8360,1,1,"3"
1131,0,3,175,40,23233,7,1,"2"
1132,1,2,65,35,22032,10,2,"3"
1133,1,2,35,52,19096,5,3,"3"
1134,0,1,35,52,21046,11,1,"3"
1135,0,6,175,68,22901,9,3,"2"
1136,0,4,175,30,20815,9,3,"2"
1137,1,5,35,43,20191,11,3,"3"
1138,1,3,35,50,20155,10,3,"3"
1139,0,4,130,55,19128,11,1,"2"
1140,1,2,175,63,22903,9,2,"2"
1141,1,4,35,56,20861,8,2,"3"
1142,1,8,165,49,7728,5,1,"2"
1143,1,3,35,46,20187,6,3,"3"
1144,0,1,35,26,21403,10,2,"3"
1145,1,2,60,80,21014,5,3,"3"
1146,0,4,35,50,23233,11,2,"3"
1147,1,7,70,47,8035,9,2,"3"
1148,1,5,175,54,21093,1,2,"2"
1149,1,2,35,57,22901,11,1,"3"
1150,1,4,175,39,22207,9,1,"2"
1151,0,1,45,87,8057,4,2,"3"
1152,0,1,175,40,21044,2,2,"2"
1153,1,5,135,53,22407,5,1,"2"
1154,0,2,65,70,22101,2,2,"3"
1155,1,1,35,61,22308,4,2,"3"
1156,1,3,65,43,22205,9,2,"3"
1157,1,2,50,63,21136,9,3,"3"
1158,1,2,125,47,8010,2,1,"2"
1159,0,2,35,50,21244,11,3,"3"
1160,0,2,40,46,19083,6,1,"3"
1161,1,5,35,53,19149,8,3,"3"
1162,0,1,35,89,19446,3,2,"3"
1163,1,3,35,67,22312,2,1,"3"
1164,0,2,175,67,19067,4,1,"2"
1165,1,2,135,45,20132,3,2,"2"
1166,0,2,35,52,21037,2,3,"3"
1167,0,4,85,55,22046,9,1,"1"
1168,1,3,90,63,8210,5,3,"1"
1169,1,3,40,60,22032,3,2,"3"
1170,1,1,35,82,21204,10,3,"3"
1171,1,3,105,39,20817,7,2,"1"
1172,1,6,110,45,8035,4,2,"1"
1173,1,3,115,48,21042,7,3,"1"
1174,1,4,175,63,20118,5,2,"2"
1175,1,3,35,81,18940,7,1,"3"
1176,0,3,100,55,23229,3,2,"1"
1177,1,2,110,57,20817,8,1,"1"
1178,1,3,60,41,8550,7,3,"3"
1179,1,5,60,51,21117,1,3,"3"
1180,1,3,45,77,20165,7,3,"3"
1181,1,5,35,54,8043,5,1,"3"
1182,0,2,35,38,19046,11,2,"3"
1183,1,4,130,65,8003,11,2,"2"
1184,0,2,175,55,8003,8,3,"2"
1185,0,6,35,39,22191,4,2,"3"
1186,0,4,50,59,20905,7,1,"3"
1187,0,2,35,44,20110,8,3,"3"
1188,0,3,150,56,23113,4,2,"2"
1189,1,2,35,44,19446,7,1,"3"
1190,1,3,35,45,22066,3,1,"3"
1191,1,1,35,58,20705,7,3,"3"
1192,0,6,35,38,21061,4,2,"3"
1193,0,6,35,43,8106,2,1,"3"
1194,0,1,45,65,22192,11,1,"3"
1195,0,2,85,57,19136,4,2,"3"
1196,0,2,175,72,8873,11,2,"2"
1197,1,1,35,39,20009,2,2,"3"
1198,1,5,35,56,24060,3,1,"3"
1199,1,6,35,48,8205,11,3,"3"
1200,1,3,35,60,18901,6,1,"3"
1201,0,1,35,75,8204,8,2,"3"
1202,1,2,170,70,21108,11,2,"2"
1203,1,4,40,58,21136,2,2,"3"
1204,1,3,35,66,19038,8,2,"3"
1205,0,3,85,51,8088,7,3,"1"
1206,1,3,45,49,22043,11,3,"3"
1207,1,3,40,76,20007,7,3,"3"
1208,0,3,35,55,21131,8,3,"3"
1209,0,4,95,67,8731,8,1,"1"
1210,1,2,55,70,22101,3,1,"3"
1211,1,3,50,75,20906,9,2,"3"
1212,1,2,95,50,22205,6,2,"1"
1213,1,4,35,58,7728,2,1,"3"
1214,1,2,100,90,21042,10,2,"1"
1215,0,3,65,57,19027,11,2,"3"
1216,0,2,135,81,20854,5,2,"2"
1217,0,1,110,80,22207,1,2,"1"
1218,0,2,35,43,22032,3,1,"3"
1219,0,1,95,61,19119,10,2,"1"
1220,1,2,110,53,23185,9,1,"1"
1221,1,3,175,70,8360,6,2,"2"
1222,0,2,35,35,21218,3,2,"3"
1223,1,2,35,76,8088,11,3,"3"
1224,1,3,35,60,22630,2,3,"3"
1225,1,4,165,61,22207,8,1,"2"
1226,1,3,35,44,20876,4,1,"3"
1227,1,2,35,72,8701,1,3,"3"
1228,1,4,150,44,8062,5,1,"2"
1229,1,4,35,41,8753,8,2,"3"
1230,0,3,35,45,21015,9,3,"3"
1231,1,1,35,67,22043,11,2,"3"
1232,1,3,65,50,22032,6,2,"3"
1233,1,3,80,55,20901,9,2,"3"
1234,1,3,35,55,20147,9,2,"3"
1235,1,3,135,72,8033,7,3,"2"
1236,1,4,35,36,8003,6,2,"3"
1237,1,2,35,52,8753,6,2,"3"
1238,0,1,35,42,21113,7,1,"3"
1239,1,2,35,68,8753,8,3,"3"
1240,1,2,35,40,8003,9,1,"3"
1241,1,4,55,48,8052,9,1,"3"
1242,0,1,85,90,23185,2,3,"3"
1243,0,3,35,64,20112,7,2,"3"
1244,0,2,35,89,21037,7,1,"3"
1245,0,2,115,54,23113,4,1,"1"
1246,1,2,35,59,21012,1,2,"3"
1247,1,4,115,53,22032,4,2,"1"
1248,1,4,110,87,8742,6,1,"1"
1249,1,3,35,43,20855,4,1,"3"
1250,1,4,175,50,19027,3,2,"2"
1251,0,4,135,45,22207,1,2,"2"
1252,0,2,35,34,20176,11,3,"3"
1253,1,1,35,73,22901,1,1,"3"
1254,1,2,120,52,20833,7,1,"2"
1255,0,2,175,40,22611,2,3,"2"
1256,1,4,155,61,20037,5,3,"2"
1257,0,1,55,59,21234,9,3,"3"
1258,1,2,175,49,18940,3,3,"2"
1259,0,2,95,42,22911,1,2,"1"
1260,0,5,35,61,19119,5,2,"3"
1261,1,4,155,42,8234,8,1,"2"
1262,1,4,80,59,21158,6,2,"3"
1263,1,1,70,66,19446,4,3,"3"
1264,1,3,35,51,21157,3,1,"3"
1265,0,1,35,46,20740,7,2,"3"
1266,1,6,175,61,23185,4,3,"2"
1267,0,3,35,42,20832,9,2,"3"
1268,1,5,35,58,8055,3,3,"3"
1269,1,3,35,58,21042,4,3,"3"
1270,0,4,35,47,21012,2,2,"3"
1271,1,3,105,59,20155,11,3,"1"
1272,1,5,40,71,19083,9,2,"3"
1273,0,4,35,50,21210,1,3,"3"
1274,1,2,105,76,21075,3,3,"1"
1275,1,5,35,45,8075,1,2,"3"
1276,0,3,50,61,20003,11,1,"3"
1277,1,3,50,77,20783,9,2,"3"
1278,1,3,35,69,22701,10,1,"3"
1279,1,2,105,64,21122,7,2,"1"
1280,1,2,175,35,20016,9,1,"2"
1281,1,5,170,58,22026,1,3,"2"
1282,1,3,55,46,22102,5,3,"3"
1283,1,3,100,41,21401,5,3,"1"
1284,0,3,60,61,19152,9,1,"3"
1285,1,4,115,55,21113,1,3,"1"
1286,0,1,35,57,22192,3,1,"3"
1287,1,5,155,51,22003,10,1,"2"
1288,1,5,155,46,20110,2,2,"2"
1289,0,1,175,81,20850,4,1,"2"
1290,1,4,65,45,21046,7,1,"3"
1291,0,2,35,45,8873,5,1,"3"
1292,1,1,35,28,20720,6,2,"3"
1293,1,4,125,47,19446,11,2,"2"
1294,0,4,50,42,22003,9,2,"3"
1295,0,1,35,55,8086,11,3,"3"
1296,0,4,170,59,23185,4,3,"2"
1297,1,3,85,55,18901,1,1,"1"
1298,1,2,175,54,19027,3,2,"2"
1299,1,3,35,49,19002,9,3,"3"
1300,1,3,35,46,21784,6,3,"3"
1301,1,6,35,72,8724,11,1,"3"
1302,1,1,55,53,22101,4,1,"3"
1303,1,2,35,44,21702,5,2,"3"
1304,0,3,35,52,19067,3,2,"3"
1305,1,4,35,24,23233,9,2,"3"
1306,1,4,35,70,8540,2,2,"3"
1307,1,3,35,69,22901,10,3,"3"
1308,0,1,35,69,8540,8,1,"3"
1309,1,2,55,46,19047,1,1,"3"
1310,0,1,75,53,21209,7,3,"3"
1311,0,4,175,35,8057,4,3,"2"
1312,1,3,35,59,8742,8,1,"3"
1313,0,1,55,72,19010,6,2,"3"
1314,1,2,35,58,20187,6,2,"3"
1315,0,2,35,52,22630,11,3,"3"
1316,1,1,35,52,20770,5,2,"3"
1317,0,2,35,59,8033,6,1,"3"
1318,0,1,35,37,20874,5,2,"3"
1319,0,4,45,80,8075,6,3,"3"
1320,1,2,40,78,20853,10,3,"3"
1321,1,1,40,31,22015,6,3,"3"
1322,1,6,115,74,8005,5,2,"1"
1323,1,4,35,36,22554,9,3,"3"
1324,0,1,115,40,20782,7,3,"1"
1325,0,2,40,70,22180,5,1,"3"
1326,1,6,175,49,19006,8,3,"2"
1327,1,5,115,81,22150,4,2,"1"
1328,0,2,35,35,20009,1,1,"3"
1329,1,3,85,58,8053,1,1,"1"
1330,1,2,175,61,20854,9,1,"2"
1331,1,3,35,45,22308,11,1,"3"
1332,0,4,105,47,20155,7,3,"1"
1333,1,3,175,56,21044,9,3,"2"
1334,0,6,35,25,21163,2,3,"3"
1335,0,1,50,56,22554,7,1,"3"
1336,1,1,175,42,20815,5,1,"2"
1337,0,2,35,42,22042,11,3,"3"
1338,1,1,35,44,19119,5,1,"3"
1339,0,3,85,35,21209,4,1,"3"
1340,1,2,40,60,22314,8,2,"3"
1341,1,1,55,75,21210,7,1,"3"
1342,0,1,35,41,8742,1,1,"3"
1343,1,1,35,62,20151,5,2,"3"
1344,1,3,120,46,21784,11,2,"2"
1345,0,2,35,39,19087,6,2,"3"
1346,1,3,40,57,21737,4,3,"3"
1347,0,1,35,61,20175,3,1,"3"
1348,1,3,70,45,21702,8,1,"3"
1349,0,4,35,55,21771,5,3,"3"
1350,0,5,65,79,8054,3,3,"3"
1351,1,4,175,55,19067,11,3,"2"
1352,0,4,40,39,20147,9,1,"3"
1353,1,3,175,45,21054,4,3,"2"
1354,0,4,35,47,20744,3,3,"3"
1355,1,3,125,56,20852,3,3,"2"
1356,1,2,90,44,20148,8,1,"1"
1357,1,2,45,56,20740,9,3,"3"
1358,0,1,80,63,19067,8,3,"3"
1359,0,3,125,45,20190,3,2,"2"
1360,0,3,35,51,19111,3,2,"3"
1361,1,3,45,70,22003,3,3,"3"
1362,0,3,35,66,20136,10,3,"3"
1363,1,2,95,49,22315,5,3,"1"
1364,1,3,55,59,18966,1,2,"3"
1365,1,4,45,58,7728,9,3,"3"
1366,0,2,65,34,8003,6,1,"3"
1367,0,5,35,79,21035,1,2,"3"
1368,0,1,35,30,21224,7,2,"3"
1369,0,2,35,46,18940,2,3,"3"
1370,1,5,35,40,8054,4,1,"3"
1371,1,2,125,74,21093,11,2,"2"
1372,1,3,35,80,19103,6,2,"3"
1373,0,1,35,44,22308,4,3,"3"
1374,1,4,35,43,22202,7,2,"3"
1375,0,2,35,75,21234,8,3,"3"
1376,1,2,50,57,20007,4,2,"3"
1377,0,2,175,63,8037,9,2,"2"
1378,0,5,65,54,20166,3,2,"3"
1379,0,4,35,55,8071,5,2,"3"
1380,1,1,35,82,8724,9,1,"3"
1381,1,3,75,55,8060,2,2,"3"
1382,1,3,70,78,20910,2,3,"3"
1383,1,3,150,47,8053,9,2,"2"
1384,0,2,55,66,7728,1,2,"3"
1385,1,3,35,66,7728,8,2,"3"
1386,1,2,45,59,21771,6,2,"3"
1387,1,2,60,39,19119,1,3,"3"
1388,1,3,105,51,8055,4,2,"1"
1389,0,1,90,53,19067,10,1,"1"
1390,0,3,35,77,8062,2,3,"3"
1391,1,3,65,63,22043,11,3,"3"
1392,1,1,35,62,22202,1,1,"3"
1393,0,4,175,51,20707,7,1,"2"
1394,0,2,70,54,8753,11,2,"3"
1395,1,2,95,45,22554,8,1,"1"
1396,0,2,165,50,20895,10,3,"2"
1397,0,1,55,34,19083,10,1,"3"
1398,1,3,55,60,22066,11,3,"3"
1399,1,2,175,72,22309,2,2,"2"
1400,1,2,45,37,8048,4,3,"3"
1401,0,2,50,82,8755,9,2,"3"
1402,0,1,35,68,21204,6,1,"3"
1403,0,3,35,40,21227,11,2,"3"
1404,1,2,35,53,22046,4,2,"3"
1405,1,3,105,47,21228,1,3,"1"
1406,0,4,50,48,19067,5,2,"3"
1407,1,3,35,51,22554,1,3,"3"
1408,0,4,35,55,22046,3,3,"3"
1409,0,2,45,64,23229,4,2,"3"
1410,1,5,90,60,8054,4,3,"1"
1411,1,2,35,68,20002,8,2,"3"
1412,1,2,35,52,21204,11,3,"3"
1413,0,6,100,62,22033,9,3,"1"
1414,1,5,35,51,20148,6,1,"3"
1415,1,2,75,69,20115,10,2,"3"
1416,0,2,130,39,19002,6,1,"2"
1417,1,7,35,69,22407,1,2,"3"
1418,1,2,40,50,21113,5,2,"3"
1419,1,2,35,68,22044,11,2,"3"
1420,1,5,35,45,21117,2,1,"3"
1421,0,4,35,55,21286,9,1,"3"
1422,1,4,100,55,19020,2,1,"1"
1423,0,3,50,43,19083,7,3,"3"
1424,1,1,40,56,22305,7,1,"3"
1425,1,2,60,69,21093,10,2,"3"
1426,0,2,35,85,19067,2,3,"3"
1427,1,4,175,48,22124,9,2,"2"
1428,1,2,45,58,21234,11,1,"3"
1429,0,1,175,68,20852,10,3,"2"
1430,0,2,35,54,22205,2,1,"3"
1431,0,3,175,49,21093,2,1,"2"
1432,1,5,35,59,8234,8,2,"3"
1433,1,2,35,51,21032,7,2,"3"
1434,0,1,55,51,20901,7,3,"3"
1435,0,2,55,73,20853,6,2,"3"
1436,1,1,45,72,23113,5,3,"3"
1437,0,3,35,55,19103,1,2,"3"
1438,1,3,105,47,8620,3,2,"1"
1439,1,4,35,43,8873,1,2,"3"
1440,0,1,35,43,18901,11,3,"3"
1441,1,4,35,69,8057,2,1,"3"
1442,0,3,35,46,20124,6,3,"3"
1443,0,3,35,70,8759,11,2,"3"
1444,0,1,60,28,21117,5,3,"3"
1445,1,6,35,47,19119,5,3,"3"
1446,1,4,155,50,20854,11,3,"2"
1447,0,4,35,57,8053,4,2,"3"
1448,1,2,35,77,22044,2,2,"3"
1449,1,5,35,46,21054,5,2,"3"
1450,1,1,80,47,20902,1,1,"3"
1451,1,3,175,65,22033,8,2,"2"
1452,0,3,35,60,8050,9,2,"3"
1453,1,2,35,80,21061,9,3,"3"
1454,0,5,60,64,21286,8,2,"3"
1455,1,3,35,38,20878,2,2,"3"
1456,1,3,65,47,21012,11,3,"3"
1457,0,1,35,43,8244,2,2,"3"
1458,0,5,35,76,20147,9,1,"3"
1459,1,2,35,49,20008,3,2,"3"
1460,1,2,60,77,20186,7,1,"3"
1461,0,4,90,57,21210,3,2,"1"
1462,1,2,35,63,20002,2,3,"3"
1463,1,3,175,59,21146,11,1,"2"
1464,1,5,90,46,21401,9,2,"1"
1465,0,3,90,51,19067,2,3,"1"
1466,0,1,35,73,21218,11,1,"3"
1467,1,1,60,52,18940,11,1,"3"
1468,1,4,35,66,20007,6,1,"3"
1469,1,3,55,58,8505,8,2,"3"
1470,1,3,160,58,20015,7,3,"2"
1471,1,4,150,51,22066,7,1,"2"
1472,0,2,35,75,8035,5,3,"3"
1473,0,3,35,49,21093,7,1,"3"
1474,1,3,65,43,23233,9,2,"3"
1475,0,2,150,39,8534,1,3,"2"
1476,0,4,40,47,20854,4,1,"3"
1477,1,2,70,49,8081,8,3,"3"
1478,0,1,35,73,22032,7,2,"3"
1479,1,2,65,72,20008,3,3,"3"
1480,0,1,35,62,22314,8,2,"3"
1481,0,2,75,46,8053,2,2,"3"
1482,0,1,35,55,19067,5,3,"3"
1483,1,5,35,48,21012,5,3,"3"
1484,1,2,35,68,19116,5,1,"3"
1485,1,3,75,67,21032,2,1,"3"
1486,1,4,35,62,8055,6,2,"3"
1487,1,1,80,57,20003,9,1,"3"
1488,1,3,90,44,20817,1,1,"1"
1489,1,4,35,44,8723,6,2,"3"
1490,0,1,60,53,8757,6,3,"3"
1491,1,1,35,42,22201,3,2,"3"
1492,1,5,35,41,22901,9,1,"3"
1493,0,4,35,61,21158,11,1,"3"
1494,0,2,45,76,8759,5,1,"3"
1495,0,1,45,64,20874,1,2,"3"
1496,0,2,110,90,22901,2,3,"1"
1497,1,2,35,58,24060,1,2,"3"
1498,0,2,35,58,8012,9,2,"3"
1499,0,2,35,36,8724,11,3,"3"
1500,1,3,40,63,8053,11,3,"3"
1501,1,2,35,79,21042,3,3,"3"
1502,1,2,165,47,20882,2,1,"2"
1503,0,2,35,34,22079,3,2,"3"
1504,1,1,35,53,20191,1,1,"3"
1505,0,3,100,47,21093,8,2,"1"
1506,0,3,35,68,22003,4,2,"3"
1507,0,1,35,39,21212,5,2,"3"
1508,0,1,35,56,20895,11,1,"3"
1509,1,2,50,41,21122,3,1,"3"
1510,1,5,35,42,19067,9,2,"3"
1511,1,1,110,48,21075,7,3,"1"
1512,0,2,40,41,8505,5,2,"3"
1513,1,4,35,75,23229,8,2,"3"
1514,1,4,35,48,20854,8,3,"3"
1515,1,3,35,59,8054,1,3,"3"
1516,0,2,45,63,22043,2,3,"3"
1517,1,2,50,41,22407,8,2,"3"
1518,1,4,175,62,8816,7,3,"2"
1519,1,4,90,52,18901,9,3,"1"
1520,0,2,70,50,18901,4,1,"3"
1521,1,2,35,77,21032,5,3,"3"
1522,0,2,125,53,21030,4,1,"2"
1523,1,2,35,77,22405,9,3,"3"
1524,0,2,35,60,22611,4,2,"3"
1525,1,5,175,52,20866,5,3,"2"
1526,1,3,175,48,20878,1,3,"2"
1527,0,3,35,49,23233,7,2,"3"
1528,0,4,35,53,22207,2,3,"3"
1529,0,1,115,38,8816,4,2,"1"
1530,0,2,65,56,20817,3,1,"3"
1531,1,3,35,73,22032,10,1,"3"
1532,1,2,115,64,22039,7,2,"1"
1533,0,4,115,43,22911,4,2,"1"
1534,1,3,35,52,19002,6,2,"3"
1535,0,6,35,53,21015,5,2,"3"
1536,1,2,40,52,21234,8,3,"3"
1537,1,1,40,44,22181,5,3,"3"
1538,1,1,60,45,22152,10,2,"3"
1539,1,3,35,52,20007,5,2,"3"
1540,1,2,35,64,8106,7,2,"3"
1541,0,3,70,58,21014,5,1,"3"
1542,1,6,45,38,22407,2,1,"3"
1543,0,2,55,31,21108,10,3,"3"
1544,1,1,125,49,20832,9,3,"2"
1545,1,5,35,47,18901,2,2,"3"
1546,0,2,35,67,20814,3,2,"3"
1547,1,2,175,39,22101,1,3,"2"
1548,0,1,175,43,20912,8,1,"2"
1549,1,5,145,45,20151,10,1,"2"
1550,1,3,65,57,22312,4,2,"3"
1551,1,6,60,45,21093,7,2,"3"
1552,1,3,35,44,21014,7,3,"3"
1553,0,7,95,41,8055,5,2,"1"
1554,1,1,35,55,19106,10,3,"3"
1555,1,3,90,41,19096,5,3,"1"
1556,0,3,35,42,19087,4,3,"3"
1557,1,2,35,41,21286,8,2,"3"
1558,0,3,35,60,21218,10,3,"3"
1559,1,6,135,64,20164,5,1,"2"
1560,1,2,35,67,21108,6,3,"3"
1561,1,2,50,60,21228,9,3,"3"
1562,1,5,90,42,8648,9,2,"1"
1563,0,3,175,82,8540,5,2,"2"
1564,1,3,65,68,22308,1,2,"3"
1565,0,4,55,57,18901,7,1,"3"
1566,0,2,165,52,22315,2,3,"2"
1567,1,3,35,50,20112,6,1,"3"
1568,1,2,35,53,22204,3,2,"3"
1569,1,2,35,83,8054,6,3,"3"
1570,1,4,50,49,20176,5,1,"3"
1571,1,2,70,55,8004,4,1,"3"
1572,0,1,80,57,20009,5,1,"3"
1573,1,3,65,43,21131,2,1,"3"
1574,1,2,35,69,8055,7,2,"3"
1575,1,3,35,50,19046,3,2,"3"
1576,1,2,85,58,19083,2,3,"3"
1577,0,1,35,54,21046,6,3,"3"
1578,1,5,50,61,19446,6,2,"3"
1579,1,7,65,50,19111,8,2,"3"
1580,0,1,175,42,21286,1,1,"2"
1581,1,3,175,39,21042,11,3,"2"
1582,0,2,35,60,8080,9,3,"3"
1583,0,6,35,56,19087,9,2,"3"
1584,0,1,40,58,8505,7,2,"3"
1585,0,4,55,74,22310,10,1,"3"
1586,1,3,35,68,21401,9,3,"3"
1587,1,3,50,50,8016,1,1,"3"
1588,1,4,35,62,8204,1,1,"3"
1589,0,3,60,47,20170,9,3,"3"
1590,0,4,110,56,20855,2,3,"1"
1591,1,1,50,53,22314,9,3,"3"
1592,1,5,65,43,22030,8,2,"3"
1593,1,4,175,55,21030,11,1,"2"
1594,0,3,100,67,21146,6,1,"1"
1595,0,1,75,83,18901,4,1,"3"
1596,1,3,35,50,21108,2,2,"3"
1597,0,3,35,38,8057,3,3,"3"
1598,0,2,70,73,21122,6,1,"3"
1599,1,3,35,71,22046,9,2,"3"
1600,1,5,75,41,20833,10,1,"3"
1601,1,3,35,64,23185,10,2,"3"
1602,1,2,55,46,8060,7,1,"3"
1603,0,3,90,66,22044,7,1,"1"
1604,1,1,55,77,21032,11,2,"3"
1605,1,1,35,79,21042,10,3,"3"
1606,0,1,35,71,8050,4,1,"3"
1607,0,1,35,27,21044,6,3,"3"
1608,0,2,35,77,8004,2,1,"3"
1609,0,3,70,41,22701,9,3,"3"
1610,0,1,35,85,19002,1,3,"3"
1611,1,4,55,62,8012,6,1,"3"
1612,0,1,40,41,21234,7,3,"3"
1613,1,3,35,34,18966,5,3,"3"
1614,0,1,40,35,20176,6,1,"3"
1615,1,6,125,46,21228,6,2,"2"
1616,0,2,100,58,20151,2,3,"1"
1617,1,4,175,59,19020,3,3,"2"
1618,1,4,45,49,20723,7,2,"3"
1619,1,3,105,63,21014,2,3,"1"
1620,1,3,140,52,20132,2,3,"2"
1621,1,2,35,69,22308,11,2,"3"
1622,1,1,35,32,19083,3,2,"3"
1623,0,1,50,36,21014,11,1,"3"
1624,0,3,35,69,8108,1,1,"3"
1625,0,1,70,76,20783,9,3,"3"
1626,0,1,45,79,8022,5,3,"3"
1627,0,2,90,43,20190,9,3,"1"
1628,0,2,70,71,20152,8,1,"3"
1629,1,1,35,86,20895,7,1,"3"
1630,1,5,105,66,21212,5,2,"1"
1631,0,5,35,46,19010,1,3,"3"
1632,1,1,60,67,19002,7,3,"3"
1633,0,4,35,56,20705,8,1,"3"
1634,0,2,175,63,22003,5,1,"2"
1635,1,2,135,44,8225,4,3,"2"
1636,1,3,170,64,20191,2,1,"2"
1637,1,3,175,63,20191,11,3,"2"
1638,1,3,50,64,8234,8,1,"3"
1639,0,2,90,66,8724,3,1,"1"
1640,1,6,35,49,8034,2,2,"3"
1641,1,2,35,25,20016,8,2,"3"
1642,0,3,150,38,8691,8,2,"2"
1643,1,3,50,81,19119,4,2,"3"
1644,0,2,35,68,18901,2,2,"3"
1645,0,2,65,49,23233,3,2,"3"
1646,1,3,35,57,21014,11,1,"3"
1647,0,2,35,43,20744,10,1,"3"
1648,1,3,35,45,24060,2,2,"3"
1649,1,5,60,38,22032,9,2,"3"
1650,1,5,50,51,8724,8,3,"3"
1651,1,5,70,55,8742,6,3,"3"
1652,1,4,60,58,23229,3,1,"3"
1653,1,2,35,69,8724,3,3,"3"
1654,1,3,175,46,22308,2,3,"2"
1655,1,5,35,70,19115,1,2,"3"
1656,1,1,35,26,22312,3,2,"3"
1657,1,4,35,38,21204,3,1,"3"
1658,0,1,50,59,8648,8,3,"3"
1659,1,4,35,41,21212,2,3,"3"
1660,1,1,50,71,8053,5,1,"3"
1661,0,4,110,51,20895,8,3,"1"
1662,1,2,35,70,22307,2,1,"3"
1663,1,4,35,54,19046,6,1,"3"
1664,1,3,90,55,20815,1,2,"1"
1665,0,3,95,43,20902,1,1,"1"
1666,1,2,40,57,8088,2,2,"3"
1667,1,3,40,50,18940,8,3,"3"
1668,0,2,175,61,8731,9,1,"2"
1669,0,3,70,63,20782,7,3,"3"
1670,1,1,35,56,20852,8,1,"3"
1671,0,1,175,52,8540,7,3,"2"
1672,0,2,115,54,8540,2,3,"1"
1673,1,1,35,64,22206,1,2,"3"
1674,0,1,35,75,21228,9,2,"3"
1675,0,1,45,48,20895,1,1,"3"
1676,0,1,40,88,22701,3,3,"3"
1677,1,2,85,79,21042,2,3,"1"
1678,1,1,35,30,20832,8,3,"3"
1679,0,3,35,43,8619,8,2,"3"
1680,1,2,170,59,22181,9,1,"2"
1681,1,2,150,81,22152,1,2,"2"
1682,0,3,140,46,8094,3,3,"2"
1683,1,2,35,51,20874,2,2,"3"
1684,1,2,35,77,20164,8,2,"3"
1685,0,1,45,33,20003,5,2,"3"
1686,0,2,90,37,21117,3,1,"1"
1687,0,1,70,45,21771,4,1,"3"
1688,0,2,35,39,8004,2,2,"3"
1689,1,4,35,60,20180,11,3,"3"
1690,0,1,35,71,20816,3,2,"3"
1691,1,3,160,56,21042,7,2,"2"
1692,1,4,105,52,22601,6,3,"1"
1693,1,2,35,48,21784,10,3,"3"
1694,1,6,125,62,18901,11,2,"2"
1695,1,4,175,46,20905,1,3,"2"
1696,0,2,35,52,20904,4,2,"3"
1697,1,4,40,34,19047,4,1,"3"
1698,1,1,175,66,20191,9,3,"2"
1699,1,2,40,81,19010,2,2,"3"
1700,0,1,35,62,22901,10,3,"3"
1701,0,3,45,56,21234,3,2,"3"
1702,1,2,110,68,18966,5,1,"1"
1703,1,2,175,57,8691,8,1,"2"
1704,1,3,35,60,21014,2,1,"3"
1705,0,6,70,47,8088,9,1,"3"
1706,1,2,35,47,20902,5,1,"3"
1707,0,3,55,37,22150,8,1,"3"
1708,0,2,140,44,8816,1,3,"2"
1709,0,2,35,77,8008,1,1,"3"
1710,1,3,35,44,22181,4,2,"3"
1711,1,6,35,44,8361,10,2,"3"
1712,0,1,55,84,8096,1,1,"3"
1713,1,3,175,73,20120,1,2,"2"
1714,1,2,35,71,20814,1,3,"3"
1715,0,1,60,49,19128,7,3,"3"
1716,0,2,80,53,22192,4,1,"3"
1717,0,3,35,38,22314,9,1,"3"
1718,1,4,35,68,19047,5,3,"3"
1719,1,1,35,48,22206,10,3,"3"
1720,0,1,45,53,20121,6,3,"3"
1721,0,5,35,47,21286,1,1,"3"
1722,1,1,105,55,20190,2,3,"1"
1723,1,3,35,50,22315,4,2,"3"
1724,1,1,35,53,8026,7,2,"3"
1725,1,2,75,57,22079,10,2,"3"
1726,1,2,105,69,21403,7,1,"1"
1727,0,2,35,77,21234,9,1,"3"
1728,0,4,35,53,22405,2,3,"3"
1729,1,4,85,51,8022,8,2,"1"
1730,1,1,35,36,22207,8,2,"3"
1731,1,2,35,67,22203,4,1,"3"
1732,1,3,65,59,20878,3,3,"3"
1733,1,4,35,40,20910,7,3,"3"
1734,0,2,35,77,19010,5,1,"3"
1735,0,1,35,74,20833,11,2,"3"
1736,1,1,35,53,8012,11,2,"3"
1737,1,2,75,47,8742,1,3,"3"
1738,1,3,35,45,21136,3,3,"3"
1739,0,2,40,64,22153,6,1,"3"
1740,1,2,160,68,22003,2,1,"2"
1741,0,2,35,32,22207,9,3,"3"
1742,1,1,35,59,8107,5,3,"3"
1743,1,5,35,55,20817,10,3,"3"
1744,0,2,35,59,21133,8,3,"3"
1745,0,3,35,55,8540,3,3,"3"
1746,1,2,65,65,20132,11,2,"3"
1747,1,1,45,43,20118,3,1,"3"
1748,0,1,35,71,22314,5,3,"3"
1749,1,4,85,80,20853,8,3,"1"
1750,0,1,75,74,22901,8,3,"3"
1751,1,2,55,67,21401,1,1,"3"
1752,0,1,35,52,23229,7,3,"3"
1753,1,1,90,70,18966,4,1,"1"
1754,1,1,35,47,20902,9,2,"3"
1755,1,3,35,55,8050,2,1,"3"
1756,1,1,35,43,8057,10,3,"3"
1757,1,3,125,66,21208,5,1,"2"
1758,1,6,130,49,19096,2,1,"2"
1759,1,4,35,47,21046,11,1,"3"
1760,1,4,35,47,22031,2,2,"3"
1761,1,4,40,46,21117,1,1,"3"
1762,0,4,35,58,20815,3,1,"3"
1763,0,4,75,70,8226,1,3,"3"
1764,1,1,35,83,8360,7,1,"3"
1765,1,3,70,44,20120,11,1,"3"
1766,0,7,55,65,22901,3,2,"3"
1767,1,5,35,42,7726,9,3,"3"
1768,0,2,35,63,20016,6,1,"3"
1769,1,2,130,57,8619,8,3,"2"
1770,0,1,65,55,22042,10,3,"3"
1771,1,3,100,55,20906,6,2,"1"
1772,0,5,150,55,20817,10,1,"2"
1773,1,1,35,78,19116,1,1,"3"
1774,1,1,35,46,20165,4,3,"3"
1775,1,1,35,74,7726,1,1,"3"
1776,1,1,55,44,21204,1,3,"3"
1777,0,1,125,49,20910,11,1,"2"
1778,1,3,75,55,8724,6,1,"3"
1779,1,3,35,36,22306,1,2,"3"
1780,1,1,35,77,23229,1,2,"3"
1781,1,1,35,46,20850,8,1,"3"
1782,1,2,125,51,22033,3,1,"2"
1783,1,3,35,50,23233,3,1,"3"
1784,0,2,35,51,21133,4,3,"3"
1785,1,3,80,50,23233,10,3,"3"
1786,1,4,35,47,20832,11,1,"3"
1787,1,5,150,57,19130,1,3,"2"
1788,1,2,35,42,19002,1,2,"3"
1789,0,1,40,77,24060,7,3,"3"
1790,1,4,35,52,8088,4,2,"3"
1791,1,4,35,51,8035,7,3,"3"
1792,1,3,110,47,21015,1,2,"1"
1793,0,3,60,59,22206,7,1,"3"
1794,1,2,85,65,18966,11,2,"3"
1795,1,2,165,37,20817,7,3,"2"
1796,0,2,175,46,22124,7,3,"2"
1797,1,5,35,48,8053,1,1,"3"
1798,1,3,35,53,21044,1,1,"3"
1799,0,1,40,53,22203,7,2,"3"
1800,1,3,115,43,8221,7,3,"1"
1801,1,5,115,43,8003,9,1,"1"
1802,1,4,175,51,23233,6,3,"2"
1803,1,2,40,56,21037,9,3,"3"
1804,0,3,175,60,22701,5,2,"2"
1805,0,2,35,78,8759,3,2,"3"
1806,1,1,35,39,22302,3,1,"3"
1807,1,3,60,27,8757,5,3,"3"
1808,1,5,75,24,20132,11,3,"3"
1809,0,3,175,65,20910,3,1,"2"
1810,1,5,35,77,20740,7,3,"3"
1811,1,4,35,54,23229,11,1,"3"
1812,1,5,85,77,20181,10,3,"1"
1813,0,2,85,56,21035,8,1,"3"
1814,0,3,35,61,20906,11,2,"3"
1815,1,3,35,42,21158,4,2,"3"
1816,0,1,35,42,22601,10,2,"3"
1817,1,1,35,51,22304,1,1,"3"
1818,1,2,75,48,8540,3,2,"3"
1819,0,3,35,66,22304,3,3,"3"
1820,1,6,35,29,20744,10,3,"3"
1821,0,3,130,63,19446,3,1,"2"
1822,1,1,55,63,21234,10,1,"3"
1823,1,2,35,44,22193,3,3,"3"
1824,0,2,105,56,22314,3,2,"1"
1825,0,1,100,59,22630,7,3,"1"
1826,1,5,110,50,8053,3,2,"1"
1827,1,2,35,41,22031,8,2,"3"
1828,1,4,75,48,22308,3,3,"3"
1829,0,2,35,45,22205,10,1,"3"
1830,1,3,35,62,23113,5,2,"3"
1831,0,1,65,44,22201,6,2,"3"
1832,0,1,60,57,19116,2,1,"3"
1833,1,1,35,65,21212,2,1,"3"
1834,0,5,35,42,20176,6,1,"3"
1835,0,3,55,63,19087,8,3,"3"
1836,0,3,50,38,21015,10,2,"3"
1837,1,2,140,84,20854,3,3,"2"
1838,0,3,40,55,22182,8,1,"3"
1839,0,5,60,44,20817,3,1,"3"
1840,0,4,35,61,22042,11,2,"3"
1841,0,3,35,43,20905,7,3,"3"
1842,1,4,35,46,19038,9,2,"3"
1843,1,3,35,62,21236,4,3,"3"
1844,1,3,60,54,20110,8,3,"3"
1845,0,5,50,76,21014,5,1,"3"
1846,1,3,135,52,23233,2,1,"2"
1847,0,1,35,36,7726,3,3,"3"
1848,1,2,35,43,19038,11,3,"3"
1849,0,7,35,37,8701,4,1,"3"
1850,0,1,40,62,21244,1,2,"3"
1851,1,2,55,53,22030,4,2,"3"
1852,0,5,120,47,20110,5,2,"2"
1853,1,2,60,47,21122,2,2,"3"
1854,1,2,80,78,19119,11,1,"3"
1855,0,4,85,46,24060,8,1,"1"
1856,1,3,80,55,21093,7,1,"3"
1857,1,2,175,45,8360,5,1,"2"
1858,1,1,35,48,19135,7,2,"3"
1859,0,4,55,49,20882,3,3,"3"
1860,0,5,35,63,8318,1,1,"3"
1861,0,4,175,57,22042,6,2,"2"
1862,1,2,125,58,20818,6,1,"2"
1863,1,3,35,51,19047,10,3,"3"
1864,0,1,95,38,22180,11,1,"1"
1865,0,1,35,77,20906,9,2,"3"
1866,1,3,35,72,21122,2,3,"3"
1867,1,1,35,54,21042,11,3,"3"
1868,0,2,120,45,20879,1,2,"2"
1869,1,4,175,61,22205,8,3,"2"
1870,0,3,85,50,21093,3,3,"1"
1871,0,3,35,50,8755,8,1,"3"
1872,1,2,175,31,20901,2,1,"2"
1873,0,2,35,52,19130,2,3,"3"
1874,0,3,35,59,20782,8,2,"3"
1875,0,1,60,74,22102,4,3,"3"
1876,1,4,115,66,21286,11,1,"1"
1877,0,3,70,51,21286,5,3,"3"
1878,1,4,175,50,21401,2,3,"2"
1879,0,3,175,48,8318,5,1,"2"
1880,1,5,35,47,7728,3,2,"3"
1881,1,2,40,46,8004,5,1,"3"
1882,1,4,90,66,21227,1,3,"1"
1883,1,7,150,44,23185,7,2,"2"
1884,1,2,70,62,21093,9,1,"3"
1885,1,2,170,46,22312,2,1,"2"
1886,1,2,35,57,21771,8,3,"3"
1887,1,1,125,78,22101,6,2,"2"
1888,1,3,80,80,20901,6,2,"3"
1889,1,2,35,50,22003,1,2,"3"
1890,1,3,85,37,8108,7,1,"3"
1891,0,3,70,49,20016,8,2,"3"
1892,1,2,130,38,22003,8,3,"2"
1893,1,1,35,88,19047,3,2,"3"
1894,0,1,40,80,8054,1,1,"3"
1895,1,1,35,44,21401,10,3,"3"
1896,0,3,35,54,20901,4,3,"3"
1897,1,6,80,43,8088,1,2,"3"
1898,1,2,35,68,8034,9,2,"3"
1899,1,5,55,69,8753,3,1,"3"
1900,1,4,160,37,20148,8,3,"2"
1901,0,5,110,59,20878,9,1,"1"
1902,1,2,125,63,7728,10,3,"2"
1903,0,7,35,61,20850,3,1,"3"
1904,0,1,35,85,20878,4,2,"3"
1905,1,4,35,48,23233,4,1,"3"
1906,1,4,175,51,20815,6,2,"2"
1907,1,3,175,51,8221,6,2,"2"
1908,0,3,35,60,8204,4,1,"3"
1909,1,3,35,71,8088,5,2,"3"
1910,0,4,85,45,20854,5,1,"1"
1911,0,2,175,40,22101,7,2,"2"
1912,1,4,110,48,21076,8,1,"1"
1913,1,7,35,55,22151,6,2,"3"
1914,1,3,100,53,21228,8,2,"1"
1915,1,3,35,40,21204,6,2,"3"
1916,1,3,50,54,8731,2,1,"3"
1917,0,4,70,77,20124,7,3,"3"
1918,1,3,145,55,19446,7,1,"2"
1919,1,1,65,46,22405,7,2,"3"
1920,0,1,35,42,20817,11,3,"3"
1921,0,2,35,56,19446,10,1,"3"
1922,0,3,35,57,22303,1,2,"3"
1923,1,1,35,41,21230,9,2,"3"
1924,1,2,35,47,22032,5,1,"3"
1925,0,5,175,46,8540,9,2,"2"
1926,0,3,60,70,8620,2,2,"3"
1927,1,3,90,47,20878,6,2,"1"
1928,1,2,35,60,20910,9,3,"3"
1929,1,4,175,58,22304,2,1,"2"
1930,1,6,150,49,20170,4,2,"2"
1931,1,4,40,41,8816,5,3,"3"
1932,1,2,35,36,22015,1,2,"3"
1933,1,2,35,63,8753,6,2,"3"
1934,1,7,95,53,21136,3,1,"1"
1935,0,3,65,47,21209,1,3,"3"
1936,1,2,175,44,8094,7,2,"2"
1937,0,1,45,44,19087,10,1,"3"
1938,1,3,95,54,20855,5,1,"1"
1939,0,6,35,46,18901,3,1,"3"
1940,1,2,105,40,22630,11,3,"1"
1941,1,2,35,58,21061,11,1,"3"
1942,0,3,100,60,22039,3,3,"1"
1943,0,4,105,46,18966,7,2,"1"
1944,1,2,35,77,19002,3,3,"3"
1945,1,4,175,51,21794,5,1,"2"
1946,0,3,50,48,19446,6,1,"3"
1947,0,4,70,39,21104,8,2,"3"
1948,0,3,65,55,8691,10,1,"3"
1949,1,4,35,49,8034,10,3,"3"
1950,1,3,35,79,8033,1,3,"3"
1951,1,2,115,54,22101,2,1,"1"
1952,1,4,35,49,19006,2,3,"3"
1953,1,5,80,45,22192,5,1,"3"
1954,0,4,105,38,20854,8,2,"1"
1955,1,5,35,55,21212,3,3,"3"
1956,0,4,35,51,21146,6,1,"3"
1957,1,4,40,46,21157,1,3,"3"
1958,1,4,175,68,22101,1,2,"2"
1959,0,5,35,35,8096,3,1,"3"
1960,1,2,105,86,22032,1,3,"1"
1961,0,2,35,40,20755,9,3,"3"
1962,0,3,35,81,8094,4,2,"3"
1963,0,2,35,53,22308,5,3,"3"
1964,1,3,75,52,20874,1,3,"3"
1965,1,1,100,58,8742,4,1,"1"
1966,0,1,35,47,22205,4,1,"3"
1967,1,3,35,88,7728,9,2,"3"
1968,0,1,40,43,22315,4,1,"3"
1969,1,3,35,41,20186,1,1,"3"
1970,1,3,175,57,22032,10,2,"2"
1971,0,1,35,54,22315,2,3,"3"
1972,0,1,35,28,18901,6,3,"3"
1973,1,2,135,43,20878,10,2,"2"
1974,1,3,45,58,21046,4,3,"3"
1975,1,8,35,47,8080,11,2,"3"
1976,1,6,35,50,21044,4,3,"3"
1977,1,2,50,64,20854,8,2,"3"
1978,1,3,170,55,22039,8,3,"2"
1979,0,2,135,53,22206,2,2,"2"
1980,1,1,35,47,19087,3,3,"3"
1981,1,3,175,76,23233,7,2,"2"
1982,1,3,175,54,20008,10,1,"2"
1983,0,1,100,37,22042,4,2,"1"
1984,0,5,45,48,20112,5,3,"3"
1985,1,4,85,46,8234,6,1,"1"
1986,0,5,40,42,20817,4,1,"3"
1987,1,1,165,44,8540,9,2,"2"
1988,1,4,85,51,20186,2,3,"1"
1989,1,5,75,41,8055,1,2,"3"
1990,0,1,35,47,21014,11,2,"3"
1991,0,2,35,60,22151,2,1,"3"
1992,0,5,35,49,21234,7,1,"3"
1993,0,2,35,73,8701,6,3,"3"
1994,1,3,175,60,21093,4,3,"2"
1995,0,2,120,58,8094,1,2,"2"
1996,1,3,35,88,22314,2,3,"3"
1997,1,4,35,51,8527,5,2,"3"
1998,0,1,55,80,19096,6,1,"3"
1999,1,2,55,50,22003,7,2,"3"
2000,0,1,40,35,21224,7,3,"3"
